EXPORT DATE,HSN CODE,DESCRIPTION,EXPORTER NAME,EXPORTER ADDRESS,EXPORTER PIN,EXPORTER CITY,EXPORTER STATE,EXPORTER PHONE,EXPORTER EMAIL,IMPORTER NAME,Importer_Address,IMPORTER COUNTRY,UNIT,QUANTITY,CURRENCY,UNIT RATE,FOB INV VALUE,FOB IN USD,IMPORT PORT,EXPORT PORT,SHIPPING BILLNO
30/11/2025,7129030,DEHYDRATED GARLIC FLAKES A GRADE O/D AS PER INV/PL,DELICIOUS FOOD,176 P2 1 RATOL ROAD AT TALGAJARD A,PIN-364290,"MAHUVA,GUJARAT",GUJARAT,nan,nan,TO  THE  ORDER,nan,LIBYAN ARAB REPUBLIC,MTS,1.0,USD,1200.0,1200.0,1200.0,Misurata,MUNDRA SEA,7460891
30/11/2025,7122000,DEHYDRATED WHITE ONION POWDER A GRADE O/ D AS PER INV/PL,DELICIOUS FOOD,176 P2 1 RATOL ROAD AT TALGAJARD A,PIN-364290,"MAHUVA,GUJARAT",GUJARAT,nan,nan,TO  THE  ORDER,nan,SAUDI ARABIA,MTS,4.0,USD,1610.0,6440.0,6440.0,Jeddah,MUNDRA SEA,7462371
30/11/2025,7122000,DEHYDRATED WHITE ONION FLAKES A GRADE O/ D AS PER INV/PL,DELICIOUS FOOD,176 P2 1 RATOL ROAD AT TALGAJARD A,PIN-364290,"MAHUVA,GUJARAT",GUJARAT,nan,nan,TO  THE  ORDER,nan,SAUDI ARABIA,MTS,3.46,USD,1810.0,6262.6,6262.6,Jeddah,MUNDRA SEA,7462371
30/11/2025,7122000,DEHYDRATED ONION WHITE POWDER AD (OTHER DETAILS AS PER INV & PKL),BCFOODS (INDIA) SEASONINGS AND INGREDIENTS PRIVATE,nan,nan,nan,nan,nan,nan,TO ORDER,nan,BRAZIL,KGS,22000.0,USD,1.78,39160.0,39160.0,Itajai,MUNDRA SEA,7457506
30/11/2025,7122000,DEHYDRATED WHITE ONION POWDER A GRADE O/ D AS PER INV/PL,DELICIOUS FOOD,176 P2 1 RATOL ROAD AT TALGAJARD A,PIN-364290,"MAHUVA,GUJARAT",GUJARAT,nan,nan,TO  THE  ORDER,nan,LIBYAN ARAB REPUBLIC,MTS,4.0,USD,1500.0,6000.0,6000.0,Misurata,MUNDRA SEA,7460891
30/11/2025,7129020,DEHYDRATED GARLIC POWDER A GRADE O/D AS PER INV/PL,DELICIOUS FOOD,176 P2 1 RATOL ROAD AT TALGAJARD A,PIN-364290,"MAHUVA,GUJARAT",GUJARAT,nan,nan,TO  THE  ORDER,nan,LIBYAN ARAB REPUBLIC,MTS,7.575,USD,900.0,6817.5,6817.51,Misurata,MUNDRA SEA,7460891
29/11/2025,7122000,DEHYDRATED WHITE ONION POWDER LOT NO DWA 5/1125,DELICIOUS FOOD,176 P2 1 RATOL ROAD AT TALGAJARD A,PIN-364290,"MAHUVA,GUJARAT",GUJARAT,nan,nan,TO THE ORDER,nan,SAUDI ARABIA,MTS,5.0,USD,1454.0,7270.0,7270.0,Riyadh,MUNDRA SEA,7454182
29/11/2025,7122000,DEHYDRATED WHITE ONION FLAKES LOT NO D-W A1/1125,DELICIOUS FOOD,176 P2 1 RATOL ROAD AT TALGAJARD A,PIN-364290,"MAHUVA,GUJARAT",GUJARAT,nan,nan,TO THE ORDER,nan,SAUDI ARABIA,MTS,10.3,USD,1650.0,16995.0,16995.0,Riyadh,MUNDRA SEA,7454182
29/11/2025,7122000,DEHYDRATED ONION WHITE POWDER AD SILICON DIOXIDE(OTHER DETAILS AS PER INV & PKL),BCFOODS (INDIA) SEASONINGS AND INGREDIENTS PRIVATE,nan,nan,nan,nan,nan,nan,BC FOODS INC,nan,UNITED STATES,KGS,9979.2,USD,2.22,22153.82,22153.82,Chicago,MUNDRA SEA,7453940
29/11/2025,7122000,DEHYDRATED ONION WHITE MINCED AD IRRADIA TED (OTHER DETAILS AS PER INV & PKL),BCFOODS (INDIA) SEASONINGS AND INGREDIENTS PRIVATE,nan,nan,nan,nan,nan,nan,BC FOODS INC,nan,UNITED STATES,KGS,8845.2,USD,2.449,21661.89,21661.89,Chicago,MUNDRA SEA,7453940
29/11/2025,7122000,DEHYDRATED ONION WHITE POWDER AD SILICON DIOXIDE ( OTHER DTAILS AS PER INV & PKL ),BCFOODS (INDIA) SEASONINGS AND INGREDIENTS PRIVATE,nan,nan,nan,nan,nan,nan,BC FOODS INC,nan,UNITED STATES,KGS,19051.2,USD,2.22,42293.66,42293.66,Chicago,MUNDRA SEA,7453835
29/11/2025,7129020,"DEHYDRATED GARLIC POWDER, PACKING IN 480 CARTONS X 25 KGS. O/DTLS AS PER INVOICE & P/LIST",PARDES QUICK FOODS & DEHYDRATION PRIVATE LIMITED,nan,nan,nan,nan,nan,nan,TO ORDER. U.A.E,nan,UNITED ARAB EMIRATES,MTS,12.0,USD,725.0,8700.0,8700.0,Jebel Ali,MUNDRA SEA,7426400
29/11/2025,7122000,"DEHYDRATED ONION MINCED 1ST QUALITY (TOA STED), PACKING IN 18 KGS CARTONS. O/DTLS AS PER INVOICE & P/LIST",PARDES QUICK FOODS & DEHYDRATION PRIVATE LIMITED,nan,nan,nan,nan,nan,nan,TO ORDER. U.S.A,nan,UNITED STATES,MTS,20.016,USD,2687.0,53782.99,53783.0,New York,MUNDRA SEA,7426414
29/11/2025,7129020,DEHYDRATED GARLIC POWDER,RAM FOODS,nan,nan,nan,nan,nan,nan,TO THE ORDER,nan,IRAQ,KGS,13600.0,USD,0.7,9520.0,9520.0,Umm Qasr,MUNDRA SEA,7425979
29/11/2025,7122000,DEHYDRATED WHITE ONION KIBBLED 5-25MM LO W BAC TPP 4.5KG (REST ALL OTHER DETAILS AS PER INVOICE),NEDSPICE DEHYDRATION INDIA LLP,101 VISHAL FLATS OPP VRUNDAVANDHAM,364290,MAHUVA,nan,nan,nan,Nedspice Dehydrated Ingredients BV,"Coolsingel 65, 3012 AC Rotterdam, The Netherlands",NETHERLANDS,KGS,14040.0,USD,2650.0,37206.0,37206.0,Rotterdam,MUNDRA SEA,7428876
29/11/2025,7122000,DEHYDRATED ONION WHITE MINCED AD IRRADIA TED (OTHER DETAILS AS PER INV & PKL),BCFOODS (INDIA) SEASONINGS AND INGREDIENTS PRIVATE,nan,nan,nan,nan,nan,nan,BC FOODS INC,nan,UNITED STATES,KGS,8845.2,USD,2.449,21661.89,21661.89,Chicago,MUNDRA SEA,2096852
29/11/2025,7122000,DEHYDRATED ONION WHITE POWDER AD SILICON DIOXIDE(OTHER DETAILS AS PER INV & PKL),BCFOODS (INDIA) SEASONINGS AND INGREDIENTS PRIVATE,nan,nan,nan,nan,nan,nan,BC FOODS INC,nan,UNITED STATES,KGS,9979.2,USD,2.22,22153.82,22153.82,Chicago,MUNDRA SEA,2096852
29/11/2025,7122000,DEHYDRATED ONION WHITE POWDER AD SILICON DIOXIDE(OTHER DETAILS AS PER INV & PKL),BCFOODS (INDIA) SEASONINGS AND INGREDIENTS PRIVATE,nan,nan,nan,nan,nan,nan,BC FOODS INC,nan,UNITED STATES,KGS,9979.2,USD,2.22,22153.82,22153.82,Chicago,MUNDRA SEA,2096823
29/11/2025,7122000,DEHYDRATED ONION WHITE MINCED AD IRRADIA TED (OTHER DETAILS AS PER INV & PKL),BCFOODS (INDIA) SEASONINGS AND INGREDIENTS PRIVATE,nan,nan,nan,nan,nan,nan,BC FOODS INC,nan,UNITED STATES,KGS,8845.2,USD,2.449,21661.89,21661.89,Chicago,MUNDRA SEA,2096823
29/11/2025,7129020,DEHYDRATED GARLIC POWDER,RAM FOODS,nan,nan,nan,nan,nan,nan,TO THE ORDER,nan,IRAQ,KGS,13600.0,USD,0.7,9520.0,9520.0,Umm Qasr,MUNDRA SEA,2064140
28/11/2025,7122000,DEHYDRATED WHITE ONION MINCED 1-3MM.GRAD E A O/D AS PER INV/PL,DELICIOUS FOOD,176 P2 1 RATOL ROAD AT TALGAJARD A,PIN-364290,"MAHUVA,GUJARAT",GUJARAT,nan,nan,TO  THE  ORDER,nan,RUSSIA,MTS,1.5,INR,140800.0,211200.0,2405.47,St Petersburg (Ex Le,MUNDRA SEA,7390018
28/11/2025,7122000,"DEHYDRATED WHITE ONION POWDER, A GRADE O /D AS PER INV/PL",DELICIOUS FOOD,176 P2 1 RATOL ROAD AT TALGAJARD A,PIN-364290,"MAHUVA,GUJARAT",GUJARAT,nan,nan,TO  THE  ORDER,nan,RUSSIA,MTS,1.5,INR,114400.0,171600.0,1954.44,St Petersburg (Ex Le,MUNDRA SEA,7390018
28/11/2025,7122000,DEHYDRATED WHITE ONION FLAKES GRADE A O/ D AS PER INV/PL,DELICIOUS FOOD,176 P2 1 RATOL ROAD AT TALGAJARD A,PIN-364290,"MAHUVA,GUJARAT",GUJARAT,nan,nan,TO  THE  ORDER,nan,RUSSIA,MTS,4.018,INR,123200.0,495017.6,5638.02,St Petersburg (Ex Le,MUNDRA SEA,7390018
28/11/2025,7129020,DEHYDRATED GARLIC POWDER,RAM FOODS,nan,nan,nan,nan,nan,nan,TO THE ORDER,nan,IRAQ,KGS,13600.0,USD,0.7,9520.0,9520.0,Umm Qasr,MUNDRA SEA,2052400
28/11/2025,7122000,ONION SLICES AS PER INV,MURTUZA FOOD INGREDIENTS LLP,SURVEY NO 274 PLOT NO 2 OTHA,364290,MAHUVA,nan,nan,nan,TO THE ORDER,nan,SPAIN,MTS,15.5,USD,2200.0,34100.0,34100.0,Valencia,MUNDRA SEA,7384967
28/11/2025,7122000,DEHYDRATED WHITE ONION CHOPPED 3-5MM. GR ADE A O/D AS PER INV/PL,DELICIOUS FOOD,176 P2 1 RATOL ROAD AT TALGAJARD A,PIN-364290,"MAHUVA,GUJARAT",GUJARAT,nan,nan,TO  THE  ORDER,nan,RUSSIA,MTS,1.0,INR,140800.0,140800.0,1603.64,St Petersburg (Ex Le,MUNDRA SEA,7390018
28/11/2025,7122000,DEHYDRATED WHITE ONION POWDER A GRADE (AS PER INV).,PARTH FOODS,BHAVNAGAR NATIONAL HIGHWAY VILLAGE BHADROD,PIN-364290,MAHUVA/GUJARAT,GUJARAT,nan,nan,TO THE ORDER,nan,SPAIN,KGS,13425.0,USD,1.55,20808.75,20808.75,Barcelona,MUNDRA SEA,7418643
28/11/2025,7129020,"DEHYDRATED GARLIC POWDER, GRADE: A,",PAMIRA FOODS,SURVEY NO 49 P2 KODINAR HIGHWAY VILLAGE SILOJ TAL UNA,PIN-362560,JUNAGADH/GUJARAT,nan,nan,nan,TO ORDER,nan,BAHRAIN,KGS,500.0,USD,1.58,790.0,790.0,Bahrain,MUNDRA SEA,7404500
28/11/2025,7129030,"DEHYDRATED GARLIC GRANULES, GRADE: A,",PAMIRA FOODS,SURVEY NO 49 P2 KODINAR HIGHWAY VILLAGE SILOJ TAL UNA,PIN-362560,JUNAGADH/GUJARAT,nan,nan,nan,TO ORDER,nan,BAHRAIN,KGS,500.0,USD,2.2,1100.0,1100.0,Bahrain,MUNDRA SEA,7404500
28/11/2025,7122000,"DEHYDRATED ONION GRANULES, GRADE: A,",PAMIRA FOODS,SURVEY NO 49 P2 KODINAR HIGHWAY VILLAGE SILOJ TAL UNA,PIN-362560,JUNAGADH/GUJARAT,nan,nan,nan,TO ORDER,nan,BAHRAIN,KGS,500.0,USD,1.93,965.0,965.0,Bahrain,MUNDRA SEA,7404500
27/11/2025,7122000,DEYDRATED WHITE ONION KIBBLED  (A GRADE),B K DEHY FOODS,SURVEY NO 103 2 2 HARI PARA ROAD VILLAGE BHANVAD,PIN-364290,"MAHUVA,GUJARAT",nan,nan,nan,TO,nan,GERMANY,MTS,16.8,USD,1900.0,31920.0,31920.0,Hamburg,MUNDRA SEA,7352402
27/11/2025,7122000,DEHYDRATED WHITE ONION FLAKES A GRADE BA TCH NO: - F0605WF,SHAKTI FOODS,SURVEY NO 208 P 2 2 HARIPARA ROA D MOTA JADARA,PIN-364290,"MAHUVA,GUJARAT",nan,nan,nan,TO ORDER,nan,FRANCE,MTS,5.012,USD,1690.0,8470.28,8470.28,Fos sur Mer,MUNDRA SEA,7374793
27/11/2025,7122000,"DEHYDRATED WHITE ONION CHOPPED A GRADE B ATCH NO: - F0608WC, SIZE: 3-5 MM",SHAKTI FOODS,SURVEY NO 208 P 2 2 HARIPARA ROA D MOTA JADARA,PIN-364290,"MAHUVA,GUJARAT",nan,nan,nan,TO ORDER,nan,FRANCE,MTS,5.0,USD,2085.0,10425.0,10425.0,Fos sur Mer,MUNDRA SEA,7374793
27/11/2025,7122000,"DEHYDRATED RED ONION CHOPPED (SHALLOT CH OPPED) A GRADE BATCH NO: - F0715RC, SIZE : 3-5 MM",SHAKTI FOODS,SURVEY NO 208 P 2 2 HARIPARA ROA D MOTA JADARA,PIN-364290,"MAHUVA,GUJARAT",nan,nan,nan,TO ORDER,nan,FRANCE,MTS,5.0,USD,2160.0,10800.0,10800.0,Fos sur Mer,MUNDRA SEA,7374793
27/11/2025,7122000,DEHYDRATED RED ONION FLAKES (SHALLOT FLA KES) A GRADE BATCH NO: - F0610RF,SHAKTI FOODS,SURVEY NO 208 P 2 2 HARIPARA ROA D MOTA JADARA,PIN-364290,"MAHUVA,GUJARAT",nan,nan,nan,TO ORDER,nan,FRANCE,MTS,4.004,USD,2160.0,8648.64,8648.64,Fos sur Mer,MUNDRA SEA,7374793
27/11/2025,7122000,Dehydrated White Onion Flakes AAA Grade 1116 PAPER BAGS INSIDE 1 POLY BAG OF 14. 00 KG NET OTHER DETAILS AS PER INV & PL,NEW FOOD,S NO 38 3P 2P1 LUSADI ROAD AT BHA DRA TA MAHUVA,PIN-364290,"MAHUVA,GUJARAT",GUJARAT,nan,nan,TO ORDER,nan,ALBANIA,KGS,15624.0,USD,1.7,26560.8,26560.8,DURRES,MUNDRA SEA,7374176
27/11/2025,7122000,DEHYDRATED WHITE ONION FLAKES A GRADE,DELICIOUS FOOD,176 P2 1 RATOL ROAD AT TALGAJARD A,PIN-364290,"MAHUVA,GUJARAT",GUJARAT,nan,nan,TO THE ORDER  SAUDI ARABIA,nan,SAUDI ARABIA,MTS,13.2,USD,1700.0,22440.0,22440.0,Riyadh,MUNDRA SEA,7375769
27/11/2025,7129020,DEHYDRATED GARLIC POWDER,POOJA DEHY. FOODS PRIVATE LIMITED,nan,nan,nan,nan,nan,nan,TO  THE  ORDER,nan,MALAYSIA,MTS,6.0,USD,1190.0,7140.0,7140.0,Port Kelang,MUNDRA SEA,7378631
27/11/2025,7122000,DEHYDRATED ONION POWDER,POOJA DEHY. FOODS PRIVATE LIMITED,nan,nan,nan,nan,nan,nan,TO  THE  ORDER,nan,MALAYSIA,MTS,1.0,USD,1725.0,1725.0,1725.0,Port Kelang,MUNDRA SEA,7378631
27/11/2025,7122000,DEHYDRATED WHITE ONION FLAKES PREMIUM GR ADE (O/D AS PER INV).,NDV FOODS,160 3 Nana Jadra Saver Kundla Road,364290,Mahuva,nan,nan,nan,TO ORDER,nan,LITHUANIA,KGS,1008.0,USD,1.77,1784.16,1784.16,Klaipeda,MUNDRA SEA,7379337
27/11/2025,7122000,TOASTED ONION FLAKES (O/D AS PER INV).,NDV FOODS,160 3 Nana Jadra Saver Kundla Road,364290,Mahuva,nan,nan,nan,TO ORDER,nan,LITHUANIA,KGS,1500.0,USD,1.92,2880.0,2880.0,Klaipeda,MUNDRA SEA,7379337
27/11/2025,7129030,GARLIC GRANULES 26-40 MESH (O/D AS PER I NV).,NDV FOODS,160 3 Nana Jadra Saver Kundla Road,364290,Mahuva,nan,nan,nan,TO ORDER,nan,LITHUANIA,KGS,2500.0,USD,1.9,4750.0,4750.0,Klaipeda,MUNDRA SEA,7379337
27/11/2025,7129030,GARLIC GRANULES 8-16 MESH (O/D AS PER IN V).,NDV FOODS,160 3 Nana Jadra Saver Kundla Road,364290,Mahuva,nan,nan,nan,TO ORDER,nan,LITHUANIA,KGS,1000.0,USD,1.9,1900.0,1900.0,Klaipeda,MUNDRA SEA,7379337
27/11/2025,7129020,GARLIC POWDER AAA GRADE (O/D AS PER INV) .,NDV FOODS,160 3 Nana Jadra Saver Kundla Road,364290,Mahuva,nan,nan,nan,TO ORDER,nan,LITHUANIA,KGS,500.0,USD,1.65,825.0,825.0,Klaipeda,MUNDRA SEA,7379337
27/11/2025,7122000,DEHYDRATED WHITE ONION MINCED (1-3MM) 1S T GRADE (O/D AS PER INV).,NDV FOODS,160 3 Nana Jadra Saver Kundla Road,364290,Mahuva,nan,nan,nan,TO ORDER,nan,LITHUANIA,KGS,8000.0,USD,1.82,14560.0,14560.0,Klaipeda,MUNDRA SEA,7379337
27/11/2025,7122000,DEHYDRATED WHITE ONION GRANULES (0.2-1MM ) 1ST GRADE (O/D AS PER INV).,NDV FOODS,160 3 Nana Jadra Saver Kundla Road,364290,Mahuva,nan,nan,nan,TO ORDER,nan,LITHUANIA,KGS,2500.0,USD,1.82,4550.0,4550.0,Klaipeda,MUNDRA SEA,7379337
27/11/2025,7122000,ONION SLICES AS PER INV,MURTUZA FOOD INGREDIENTS LLP,SURVEY NO 274 PLOT NO 2 OTHA,364290,MAHUVA,nan,nan,nan,TO THE ORDER,nan,SPAIN,MTS,15.5,USD,2200.0,34100.0,34100.0,Valencia,MUNDRA SEA,7347213
26/11/2025,7129030,DEHYDRATED GARLIC GRANULES 26-40,POOJA DEHY. FOODS PRIVATE LIMITED,nan,nan,nan,nan,nan,nan,TO THE ORDER,nan,ANGOLA,MTS,1.5,USD,2290.0,3435.0,3435.0,Luanda,MUNDRA SEA,7325631
26/11/2025,7122000,ONION SLICES AS PER INV,MURTUZA FOOD INGREDIENTS LLP,SURVEY NO 274 PLOT NO 2 OTHA,364290,MAHUVA,nan,nan,nan,TO THE ORDER,nan,SPAIN,MTS,15.5,USD,2200.0,34100.0,34100.0,Valencia,MUNDRA SEA,7324422
26/11/2025,7122000,DEHYDRATED WHITE ONION CHOPPED 3-5MM EXT RA LOW BAC 14KG (REST ALL OTHER DETAILS AS PER INVOICE),NEDSPICE DEHYDRATION INDIA LLP,101 VISHAL FLATS OPP VRUNDAVANDHAM,364290,MAHUVA,nan,nan,nan,Nedspice Dehydrated Ingredients BV,"Coolsingel 65, 3012 AC Rotterdam, The Netherlands",NETHERLANDS,KGS,15120.0,USD,2730.81,41289.85,41289.85,Rotterdam,MUNDRA SEA,7321376
25/11/2025,7122000,Dehydrated White Onion Powder 80-100Mesh Low Bac 25kg OW AS PER INVOICE,NEDSPICE DEHYDRATION INDIA LLP,101 VISHAL FLATS OPP VRUNDAVANDHAM,364290,MAHUVA,nan,nan,nan,Nedspice Dehydrated Ingredients BV,"Coolsingel 65, 3012 AC Rotterdam, The Netherlands",NETHERLANDS,MTS,25.0,USD,2650.0,66250.0,66250.0,Rotterdam,MUNDRA SEA,7287444
25/11/2025,7122000,"DEHYDRATED ONION POWDER, PACKING IN 75 C ARTONS x 20 KGS. O/DTLS AS PER INVOICE & P/LIST",PARDES QUICK FOODS & DEHYDRATION PRIVATE LIMITED,nan,nan,nan,nan,nan,nan,TO ORDER. U.A.E,nan,UNITED ARAB EMIRATES,MTS,1.5,USD,1500.0,2250.0,2250.0,Jebel Ali,MUNDRA SEA,7294905
25/11/2025,7122000,DEYDRATED WHITE ONION KIBBLED (A GRADE),B K DEHY FOODS,SURVEY NO 103 2 2 HARI PARA ROAD VILLAGE BHANVAD,PIN-364290,"MAHUVA,GUJARAT",nan,nan,nan,TO,nan,GERMANY,MTS,16.8,USD,1909.0,32071.2,32071.2,Hamburg,MUNDRA SEA,7297440
25/11/2025,7122000,DEHYDRATED WHITE ONION CHOPPED 3-5 MM GR ADE A,DELICIOUS FOOD,176 P2 1 RATOL ROAD AT TALGAJARD A,PIN-364290,"MAHUVA,GUJARAT",GUJARAT,nan,nan,TO THE ORDER,nan,RUSSIA,MTS,4.0,INR,141020.0,564080.0,6424.6,St Petersburg (Ex Le,MUNDRA SEA,7286487
25/11/2025,7129020,"DEHYDRATED GARLIC POWDER, PACKING IN 150 CARTONS x 20 KGS. O/DTLS AS PER INVOICE & P/LIST",PARDES QUICK FOODS & DEHYDRATION PRIVATE LIMITED,nan,nan,nan,nan,nan,nan,TO ORDER. U.A.E,nan,UNITED ARAB EMIRATES,MTS,3.0,USD,1450.0,4350.0,4350.0,Jebel Ali,MUNDRA SEA,7296802
25/11/2025,7122000,DEHYDRATED ONION FLAKES GRADE A,DELICIOUS FOOD,176 P2 1 RATOL ROAD AT TALGAJARD A,PIN-364290,"MAHUVA,GUJARAT",GUJARAT,nan,nan,TO THE ORDER,nan,RUSSIA,MTS,10.36,INR,127803.0,1324039.08,15080.17,St Petersburg (Ex Le,MUNDRA SEA,7286487
25/11/2025,7122000,DEHYDRATED WHITE ONION MINCED 1-3 MM GRA DE A,DELICIOUS FOOD,176 P2 1 RATOL ROAD AT TALGAJARD A,PIN-364290,"MAHUVA,GUJARAT",GUJARAT,nan,nan,TO THE ORDER,nan,RUSSIA,MTS,2.0,INR,141020.0,282040.0,3212.3,St Petersburg (Ex Le,MUNDRA SEA,7286487
24/11/2025,7122000,DEHYDRATED WHITE ONION KIBBLED,MAHARAJA DEHYDRATION PRIVATE LIMITED,MAHARAJA NR POST OFFICE GARDEN ROAD,PIN-364290,MAHUVA/GUJ.,GUJARAT,nan,nan,Brusco Food Group LIMITED,nan,UNITED KINGDOM,KGS,15862.0,USD,1.925,30534.35,30534.35,Southampton,MUNDRA SEA,7266725
24/11/2025,7122000,DEHYDRATED ONION VARIOUS CUT & SIZE (AS PER INVOICE),BAGORA DEHYDRATES,AT BHUNAVA SURVEY 106 PAIKI HADMATALA INDUS AREA RAJKOT GONDAL,PIN-360311,"H.W,(NH-8B) TAL:GONDAL,DI: RAJKOT",nan,nan,nan,NOTIFY PARTY:PRYMAT SPOLKA Z O.O.,nan,GERMANY,KGS,23010.0,USD,2.29565,52822.91,51312.91,Hamburg,MUNDRA SEA,7262934
24/11/2025,7122000,TOASTED ONION KIBBLED - AS PER INVOICE & PL,MURTUZA FOOD INGREDIENTS LLP,SURVEY NO 274 PLOT NO 2 OTHA,364290,MAHUVA,nan,nan,nan,S F,nan,UNITED KINGDOM,MTS,17.0,USD,2400.0,40800.0,40800.0,Southampton,MUNDRA SEA,7241502
24/11/2025,7122000,DEYDRATED WHITE ONION MINCED (A GRADE),B K DEHY FOODS,SURVEY NO 103 2 2 HARI PARA ROAD VILLAGE BHANVAD,PIN-364290,"MAHUVA,GUJARAT",nan,nan,nan,L G GMBH,nan,GERMANY,MTS,24.0,USD,1760.0,42240.0,41427.0,Hamburg,MUNDRA SEA,7240428
24/11/2025,7122000,"DEHYDRATED WHITE ONION CHOPPED SIZE:- 3- 5 MM , A GRADE BATCH NO: - F11DWOC GRADE :- A -FIRST",SHAKTI FOODS,SURVEY NO 208 P 2 2 HARIPARA ROA D MOTA JADARA,PIN-364290,"MAHUVA,GUJARAT",nan,nan,nan,NOTIFY:,nan,SPAIN,MTS,3.0,USD,1910.0,5730.0,5730.0,Valencia,MUNDRA SEA,7246382
24/11/2025,7122000,nan,SHAKTI FOODS,SURVEY NO 208 P 2 2 HARIPARA ROA D MOTA JADARA,PIN-364290,"MAHUVA,GUJARAT",nan,nan,nan,NOTIFY:,nan,SPAIN,MTS,4.0,USD,1960.0,7840.0,7840.0,Valencia,MUNDRA SEA,7246382
24/11/2025,7122000,"DEHYDRATED WHITE ONION GRANULES SIZE:- 0 .5-1 MM , A GRADE BATCH NO: - F11DWOG GR ADE:- A -FIRST",SHAKTI FOODS,SURVEY NO 208 P 2 2 HARIPARA ROA D MOTA JADARA,PIN-364290,"MAHUVA,GUJARAT",nan,nan,nan,NOTIFY:,nan,SPAIN,MTS,7.0,USD,1985.0,13895.0,13895.0,Valencia,MUNDRA SEA,7246382
24/11/2025,7122000,DEHYDRATED WHITE ONION POWDER SIZE :- 10 0-120 MESH BATCH NO: - F11DWOP GRADE :- A -FIRST,SHAKTI FOODS,SURVEY NO 208 P 2 2 HARIPARA ROA D MOTA JADARA,PIN-364290,"MAHUVA,GUJARAT",nan,nan,nan,NOTIFY:,nan,SPAIN,MTS,4.0,USD,1635.0,6540.0,6540.0,Valencia,MUNDRA SEA,7246382
24/11/2025,7122000,"DEHYDRATED RED ONION CHOPPED (SHALLOT CH OPPED ) SIZE:- 3-5 MM , A GRADE BATCH NO : - F11DROC-S GRADE:- A -FIRST",SHAKTI FOODS,SURVEY NO 208 P 2 2 HARIPARA ROA D MOTA JADARA,PIN-364290,"MAHUVA,GUJARAT",nan,nan,nan,NOTIFY:,nan,SPAIN,MTS,6.0,USD,2210.0,13260.0,13260.0,Valencia,MUNDRA SEA,7246382
24/11/2025,7122000,"DEHYDRATED ONION FLAKES , PACKED DTLS. A S PER INV.",H&R International,nan,nan,nan,nan,nan,nan,NTF : TEYSEER SERVICES COMPANY W.L.,nan,QATAR,MTS,13.51,USD,1400.0,18914.0,18744.0,PORT HAMAD,MUNDRA SEA,7241291
24/11/2025,7122000,Dehydrated White Onion minced 1-3 mm AS PER INV,MANSI FOODS,R S NO 217P1 VILL TALGAJARDA TA MAHUVA 364290 DIST BHAVNAGAR Contact No 918320981916,364290,MAHUVA,nan,nan,nan,To Order,nan,TURKEY,MTS,22.6,USD,1500.0,33900.0,32962.71,Istanbul,MUNDRA SEA,7238370
23/11/2025,7122000,DEHYDRATED WHITE ONION FLAKES A GRADE,DELICIOUS FOOD,176 P2 1 RATOL ROAD AT TALGAJARD A,PIN-364290,"MAHUVA,GUJARAT",GUJARAT,nan,nan,ARAB BANK LIMITED,nan,SAUDI ARABIA,MTS,13.0,USD,1700.0,22100.0,21281.0,Jeddah,MUNDRA SEA,7233307
23/11/2025,7122000,DEHYDRATED TOASTED ONION KIBBLED 12.5 KG S NET IN DOUBLE POLY BAG 1 BAG IN A PAPE R BAG,MURTUZA FOOD INGREDIENTS LLP,SURVEY NO 274 PLOT NO 2 OTHA,364290,MAHUVA,nan,nan,nan,S F,nan,UNITED KINGDOM,MTS,17.0,USD,2400.0,40800.0,40800.0,Southampton,MUNDRA SEA,7232397
23/11/2025,7129030,DEHYDRATED GARLIC GRANULES 8-16 MESH. (A S PER INV).,NATURAL DEHYDRATED VEGETABLES PRIVATE LIMITED,G 14 ARISTO COMPLEX WAGHWADI ROAD OPP RADHA MANDIR,PIN-364001,BHAVNAGAR/GUJARAT,nan,nan,nan,NOTIY:) LLC LINYA VKUSA,nan,RUSSIA,KGS,15000.0,INR,163.0,2445000.0,26035.65,Novorossiysk,MUNDRA SEA,7232633
23/11/2025,7122000,DEYDRATED WHITE ONION KIBBLED (GRADE),B K DEHY FOODS,SURVEY NO 103 2 2 HARI PARA ROAD VILLAGE BHANVAD,PIN-364290,"MAHUVA,GUJARAT",nan,nan,nan,ELIMITED,nan,LATVIA,MTS,17.64,EUR,1360.0,23990.4,26344.36,Riga,MUNDRA SEA,7235941
22/11/2025,7122000,DEHYDRATED WHITE ONION FLAKES LOT NO - K FPL/WOF/4717 O/D AS PER INV PL,KAZMAIN FOODS PRIVATE LIMITED,SURVEY NO 129 GUNDARNI,364290,MAHUVA,nan,nan,nan,SAME AS CONSIGNEE,nan,SAUDI ARABIA,MTS,12.74,USD,1700.0,21658.0,21283.44,Dammam,MUNDRA SEA,7206252
22/11/2025,7122000,DEHYDRATED WHITE ONION FLAKES LOT NO - K FPL/WOF/4717 O/D AS PER INV PL,KAZMAIN FOODS PRIVATE LIMITED,SURVEY NO 129 GUNDARNI,364290,MAHUVA,nan,nan,nan,SAME AS CONSIGNEE,nan,SAUDI ARABIA,MTS,12.43,USD,1700.0,21131.0,20765.56,Dammam,MUNDRA SEA,7206252
22/11/2025,7122000,Dehydrated White Onion Powder,RAJGURU DEHYDRATES,SURVEY NO 120 1 BHANWAD HARIPARA ROAD DWARIADHISH MARG,PIN-364290,"MAHUVA,GUJARAT",GUJARAT,nan,nan,AS EP,nan,SPAIN,KGS,7800.0,USD,1.8,14040.0,13349.22,Barcelona,MUNDRA SEA,7217700
22/11/2025,7122000,DEHYDRATED WHITE ONION FLAKES GRADE A,DELICIOUS FOOD,176 P2 1 RATOL ROAD AT TALGAJARD A,PIN-364290,"MAHUVA,GUJARAT",GUJARAT,nan,nan,SBERBANK RUSSIA,nan,RUSSIA,MTS,14.504,INR,141000.0,2045064.0,20572.3,Novorossiysk,MUNDRA SEA,7229009
22/11/2025,7129030,DEHYDRATED GARLIC CLOVE (25 KG) (AS PER INVOICE),REDEX GLOBAL,A 6 21 DHIRAJ RAJAWADI CHS NEAR RAJAWADI HOSPITAL GHATKOPAR E,PIN-400077,"MUMBAI,MAHARASHTRA",MAHARASHTRA,nan,nan,DEVCHAN INTERNATIONAL CO LIMITED,nan,TOGO,NOS,1120.0,USD,40.24,45068.8,42481.6,Lome,MUNDRA SEA,7224798
22/11/2025,7122000,DEHYDRATED WHITE ONION GRANULES 20 KGS N ET IN A DOUBLE POLY BAG,MURTUZA FOOD INGREDIENTS LLP,SURVEY NO 274 PLOT NO 2 OTHA,364290,MAHUVA,nan,nan,nan,L.P,nan,SPAIN,MTS,6.0,USD,2106.1,12636.6,12025.95,Valencia,MUNDRA SEA,7208045
22/11/2025,7122000,DEHYDRATED GARLIC GRANULES 8-16 MESH. PA CKED IN 25KG NET PAPER BAG.,YATRI FOODS,GODOWN NO 24 BEHIND NEW NAGRIK BANK GATE NO 2 MARKETING YARD MAHUVA null,364290,Mahuva,nan,nan,nan,P C D A L.,nan,BRAZIL,MTS,27.625,USD,1290.0,35636.25,35000.0,Itapoa,MUNDRA SEA,7219844
22/11/2025,7129030,Dehydrated Garlic AS PER INV,MANSI FOODS,R S NO 217P1 VILL TALGAJARDA TA MAHUVA 364290 DIST BHAVNAGAR Contact No 918320981916,364290,MAHUVA,nan,nan,nan,To Order,nan,TURKEY,MTS,12.975,USD,1644.8,21341.28,20217.8,Mersin,MUNDRA SEA,7227566
22/11/2025,7129020,Dehydrated Garlic Powder,RAJGURU DEHYDRATES,SURVEY NO 120 1 BHANWAD HARIPARA ROAD DWARIADHISH MARG,PIN-364290,"MAHUVA,GUJARAT",GUJARAT,nan,nan,AS EP,nan,SPAIN,KGS,5000.0,USD,1.4,7000.0,6655.6,Barcelona,MUNDRA SEA,7217700
22/11/2025,7129030,DEHYDRATED GARLIC GRANULES 40-80 LOT NO KF/GG-1/4321 O/D AS PER INV PL,KAZMAIN FOODS PRIVATE LIMITED,SURVEY NO 129 GUNDARNI,364290,MAHUVA,nan,nan,nan,SAME AS CONSIGNEE,nan,RUSSIA,MTS,12.5,USD,1450.0,18125.0,18125.0,Novorossiysk,MUNDRA SEA,7223621
22/11/2025,7129030,DEHYDRATED GARLIC GRANULES 24-40 LOT NO KF/GG/4320 O/D AS PER INV PL,KAZMAIN FOODS PRIVATE LIMITED,SURVEY NO 129 GUNDARNI,364290,MAHUVA,nan,nan,nan,SAME AS CONSIGNEE,nan,RUSSIA,MTS,12.5,USD,1450.0,18125.0,18125.0,Novorossiysk,MUNDRA SEA,7223621
22/11/2025,7129030,"Dehydrated Garlic Flakes (Premium Grade) ,  PACKING DTLS. AS PER INV.",G SQUARE INTERNATIONAL PRIVATE LIMITED,nan,nan,nan,nan,nan,nan,OIL GAS SOLUTION LIMITED,nan,CHINA,MTS,26.5,USD,1425.0,37762.5,37762.5,Lianyungang,MUNDRA SEA,7220847
21/11/2025,7129030,"DEHYDRATED GARLIC GRANULES GRADE: A,",PAMIRA FOODS,SURVEY NO 49 P2 KODINAR HIGHWAY VILLAGE SILOJ TAL UNA,PIN-362560,JUNAGADH/GUJARAT,nan,nan,nan,MS R. S.A.,nan,BULGARIA,KGS,13150.0,USD,1.815,23867.25,23867.25,Varna,MUNDRA SEA,7191578
21/11/2025,7129020,DEHYDRATED GARLIC POWDER A GRADE LOT No. : D-GAS/1225 Ajo En Polvo,DELICIOUS FOOD,176 P2 1 RATOL ROAD AT TALGAJARD A,PIN-364290,"MAHUVA,GUJARAT",GUJARAT,nan,nan,BANCOESTADO DE CHILE,nan,CHILE,MTS,13.075,USD,888.0,11610.6,10195.6,San Antonio,MUNDRA SEA,7171027
21/11/2025,7122000,DEHYDRATED WHITE ONION KIBBLED -  OTHER DTLS AS PER INVOICE & PL,MURTUZA FOOD INGREDIENTS LLP,SURVEY NO 274 PLOT NO 2 OTHA,364290,MAHUVA,nan,nan,nan,BL.S,nan,SPAIN,MTS,17.01,USD,1866.67019,31752.06,30606.06,Valencia,MUNDRA SEA,7176677
21/11/2025,7122000,"DEHYDRATED ONION POWDER WHITE 1ST QUALIT Y (TOASTED), PACKING IN 50 LBS CARTONS O/DTLS AS PER INVOICE & P/LIST",PARDES QUICK FOODS & DEHYDRATION PRIVATE LIMITED,nan,nan,nan,nan,nan,nan,FFIGLLC,nan,UNITED STATES,MTS,29.982,USD,1897.0,56875.85,54115.85,New York,MUNDRA SEA,7196440
21/11/2025,7122000,White Onion Flakes,SKY AGRI EXPORT,G 15 SAHYOG COMPLEX GITIZEN GUEST HOUSE,PIN-364290,"MAHUVA, GUJARAT",nan,nan,nan,Fibon Associate Nigeria Limited,nan,NIGERIA,MTS,2.506,USD,2067.99681,5182.4,4260.19,Onne,MUNDRA SEA,7196688
21/11/2025,7122000,Red Onion Flakes,SKY AGRI EXPORT,G 15 SAHYOG COMPLEX GITIZEN GUEST HOUSE,PIN-364290,"MAHUVA, GUJARAT",nan,nan,nan,Fibon Associate Nigeria Limited,nan,NIGERIA,MTS,4.802,USD,2068.00083,9930.54,8163.41,Onne,MUNDRA SEA,7196688
21/11/2025,7122000,DEHYDRATED WHITE ONION KIBBLED -  OTHER DTLS AS PER INVOICE & PL,MURTUZA FOOD INGREDIENTS LLP,SURVEY NO 274 PLOT NO 2 OTHA,364290,MAHUVA,nan,nan,nan,BL.S,nan,SPAIN,MTS,17.01,USD,1866.67019,31752.06,30606.06,Valencia,MUNDRA SEA,7190719
20/11/2025,7122000,DEHYDRATED WHITE ONION FLAKES A GRADE,DELICIOUS FOOD,176 P2 1 RATOL ROAD AT TALGAJARD A,PIN-364290,"MAHUVA,GUJARAT",GUJARAT,nan,nan,ARAB BANK LIMITED,nan,SAUDI ARABIA,MTS,13.1,USD,1650.0,21615.0,20779.0,Jeddah,MUNDRA SEA,7159504
20/11/2025,7129030,DEHYDRATED GARLIC GRANULES 12.5 KG NET I N A ALUMINIUM FOIL BAG 2 BAGS IN A CARTO N,A&F DEHY FOODS,nan,nan,nan,nan,nan,nan,E.G,nan,ALGERIA,MTS,27.0,USD,670.0,18090.0,15820.0,Skikda (Ex Philippev,MUNDRA SEA,7131757
20/11/2025,7122000,DEHYDRATED ONION WHITE POWDER AD IRRADIA TED (OTHER DTAILS AS PER INV & PKL),BCFOODS (INDIA) SEASONINGS AND INGREDIENTS PRIVATE,nan,nan,nan,nan,nan,nan,BCFOODSINC.,nan,UNITED STATES,KGS,19051.2,USD,2.175,41436.36,41436.36,Chicago,MUNDRA SEA,7154227
20/11/2025,7122000,DEHYDRATED ONION WHITE POWDER AD IRRADIA TED (OTHER DETAILS AS PER INV & PKL),BCFOODS (INDIA) SEASONINGS AND INGREDIENTS PRIVATE,nan,nan,nan,nan,nan,nan,BCFOODSINC.,nan,UNITED STATES,KGS,9072.0,USD,2.175,19731.6,19731.6,Chicago,MUNDRA SEA,7154711
20/11/2025,7122000,DEHYDRATED ONION WHITE MINCED AD IRRADIA TED (OTHER DETAILS AS PER INV & PKL),BCFOODS (INDIA) SEASONINGS AND INGREDIENTS PRIVATE,nan,nan,nan,nan,nan,nan,BCFOODSINC.,nan,UNITED STATES,KGS,9752.4,USD,2.449,23883.63,23883.63,Chicago,MUNDRA SEA,7154711
20/11/2025,7122000,ONION POWDER (O/D AS PER INV).,NDV FOODS,160 3 Nana Jadra Saver Kundla Road,364290,Mahuva,nan,nan,nan,MERSIN A GIDA ITH. IHR. SAN VE,nan,TURKEY,KGS,4000.0,USD,1.44,5760.0,5193.35,Mersin,MUNDRA SEA,7164725
20/11/2025,7122000,ONION GRANULE (O/D AS PER INV).,NDV FOODS,160 3 Nana Jadra Saver Kundla Road,364290,Mahuva,nan,nan,nan,MERSIN A GIDA ITH. IHR. SAN VE,nan,TURKEY,KGS,4000.0,USD,1.55,6200.0,5590.06,Mersin,MUNDRA SEA,7164725
20/11/2025,7129020,GARLIC POWDER (O/D AS PER INV).,NDV FOODS,160 3 Nana Jadra Saver Kundla Road,364290,Mahuva,nan,nan,nan,MERSIN A GIDA ITH. IHR. SAN VE,nan,TURKEY,KGS,4000.0,USD,0.86,3440.0,3101.58,Mersin,MUNDRA SEA,7164725
19/11/2025,7122000,DEHYDRATED WHITE ONION FLAKES 15 MM (AS PER INV),MAHARAJA DEHYDRATION PRIVATE LIMITED,MAHARAJA NR POST OFFICE GARDEN ROAD,PIN-364290,MAHUVA/GUJ.,GUJARAT,nan,nan,NOTIFY:) CROWN FOOD GROUP,nan,SOUTH AFRICA,KGS,7336.0,USD,1.825,13388.2,13044.88,Cape Town,MUNDRA SEA,7099903
19/11/2025,7122000,DEHYDRATED ONION FLAKES 3-5 MM (AS PER I NV),MAHARAJA DEHYDRATION PRIVATE LIMITED,MAHARAJA NR POST OFFICE GARDEN ROAD,PIN-364290,MAHUVA/GUJ.,GUJARAT,nan,nan,NOTIFY:) CROWN FOOD GROUP,nan,SOUTH AFRICA,KGS,15000.0,USD,1.975,29625.0,28865.32,Cape Town,MUNDRA SEA,7099903
19/11/2025,7122000,DEHYDRATED WHITE ONION GRANULES,KINGS DRIED FOODS PRIVATE LIMITED,Plot No 180A Kuberbag S T Road Nutan Nagar Mahuva,364290,MAHUVA,nan,nan,nan,MS,nan,TURKEY,KGS,240.0,USD,2.15,516.0,516.0,Mersin,MUNDRA SEA,7122815
19/11/2025,7129020,DEHYDRATED GARLIC POWDER,KINGS DRIED FOODS PRIVATE LIMITED,Plot No 180A Kuberbag S T Road Nutan Nagar Mahuva,364290,MAHUVA,nan,nan,nan,MS,nan,TURKEY,KGS,10000.0,USD,1.4,14000.0,14000.0,Mersin,MUNDRA SEA,7122815
19/11/2025,7129030,DEHYDRATED GARLIC GRANULES,KINGS DRIED FOODS PRIVATE LIMITED,Plot No 180A Kuberbag S T Road Nutan Nagar Mahuva,364290,MAHUVA,nan,nan,nan,MS,nan,TURKEY,KGS,480.0,USD,2.2,1056.0,1056.0,Mersin,MUNDRA SEA,7122815
19/11/2025,7122000,DEHYDRATED WHITE ONION POWDER,KINGS DRIED FOODS PRIVATE LIMITED,Plot No 180A Kuberbag S T Road Nutan Nagar Mahuva,364290,MAHUVA,nan,nan,nan,MS,nan,TURKEY,KGS,13200.0,USD,1.6,21120.0,21120.0,Mersin,MUNDRA SEA,7122815
19/11/2025,7122000,DEHYDRATED WHITE ONION GRANULES  2 MM,MAHARAJA DEHYDRATION PRIVATE LIMITED,MAHARAJA NR POST OFFICE GARDEN ROAD,PIN-364290,MAHUVA/GUJ.,GUJARAT,nan,nan,Krauter Mix GmbH,nan,GERMANY,KGS,24260.0,USD,2.075,50339.5,49188.82,Hamburg,MUNDRA SEA,7124240
18/11/2025,7122000,DEYDRATED WHITE ONION KIBBLED (A GRADE),B K DEHY FOODS,SURVEY NO 103 2 2 HARI PARA ROAD VILLAGE BHANVAD,PIN-364290,"MAHUVA,GUJARAT",nan,nan,nan,L G GMBH,nan,GERMANY,MTS,16.8,USD,1900.0,31920.0,31052.0,Hamburg,MUNDRA SEA,7093838
18/11/2025,7122000,DEYDRATED WHITE ONION POWDER (A GRADE),B K DEHY FOODS,SURVEY NO 103 2 2 HARI PARA ROAD VILLAGE BHANVAD,PIN-364290,"MAHUVA,GUJARAT",nan,nan,nan,LPDV,nan,NETHERLANDS,MTS,25.0,USD,1600.0,40000.0,39132.0,Rotterdam,MUNDRA SEA,7093837
18/11/2025,7122000,DEYDRATED WHITE ONION KIBBLED (A GRADE),B K DEHY FOODS,SURVEY NO 103 2 2 HARI PARA ROAD VILLAGE BHANVAD,PIN-364290,"MAHUVA,GUJARAT",nan,nan,nan,L G GMBH,nan,GERMANY,MTS,16.1,USD,1700.0,27370.0,26502.0,Hamburg,MUNDRA SEA,7093836
18/11/2025,7129020,DEHYDRATED GARLIC POWDER PREMIUM GRADE ( AS PER INV).,PARTH FOODS,BHAVNAGAR NATIONAL HIGHWAY VILLAGE BHADROD,PIN-364290,MAHUVA/GUJARAT,GUJARAT,nan,nan,NOTIFY:) NOVASPICE S.L. POLIGONO,nan,SPAIN,KGS,22000.0,USD,0.95,20900.0,19904.8,Valencia,MUNDRA SEA,7087945
18/11/2025,7129030,DEHYDRATED GARLIC GRANULES 26-40 MESH A GRADE (AS PER INV).,PARTH FOODS,BHAVNAGAR NATIONAL HIGHWAY VILLAGE BHADROD,PIN-364290,MAHUVA/GUJARAT,GUJARAT,nan,nan,NOTIFY:) NOVASPICE S.L. POLIGONO,nan,SPAIN,KGS,2000.0,USD,1.72,3440.0,3276.2,Valencia,MUNDRA SEA,7087945
18/11/2025,7122000,Dehydrated White Onion Powder - A GRADE (AS PER INV),BHANU FOODS,SURVEY NO 131 BHANVAD N A,PIN-364290,"MAHUVA,GUJARAT",nan,nan,nan,Freddy Hirsch Group (Pty) LIMITED,nan,SOUTH AFRICA,KGS,24000.0,USD,1.5059,36141.6,36141.6,Cape Town,MUNDRA SEA,7089397
18/11/2025,7122000,DEHYDRATED WHITE ONION POWDER (AS PER IN V),MAHARAJA DEHYDRATION PRIVATE LIMITED,MAHARAJA NR POST OFFICE GARDEN ROAD,PIN-364290,MAHUVA/GUJ.,GUJARAT,nan,nan,NOTIFY:) CROWN FOOD GROUP,nan,SOUTH AFRICA,KGS,25000.0,USD,1.825,45625.0,44519.0,Cape Town,MUNDRA SEA,7091030
17/11/2025,7129020,DEHYDRATED GARLIC POWDER LOT NO : DGP/HF 25/154/LBG/25,HYGIENIC FOODS,PLOT NO 208 NEAR CHAUDHARY SERVICE STATION MALERKOTLA ROAD,PIN-141401,KHANNA. DISTT.LUDHIANA,nan,nan,nan,TO THE ORDER,nan,ITALY,MTS,3.125,EUR,1200.0,3750.0,3949.07,Bari,MUNDRA SEA,7049887
17/11/2025,7122000,ONION SLICES -  OTHER DTLS AS PER INVOIC E & PL,MURTUZA FOOD INGREDIENTS LLP,SURVEY NO 274 PLOT NO 2 OTHA,364290,MAHUVA,nan,nan,nan,M.L.S,nan,SPAIN,MTS,15.5,USD,2200.0,34100.0,34100.0,Valencia,MUNDRA SEA,7035792
17/11/2025,7122000,DEHYDRATED WHITE ONION POWDER 80-100 MES H LOW BAC 25KG OW (REST ALL OTHER DETAIL S AS PER INVOICE),NEDSPICE DEHYDRATION INDIA LLP,101 VISHAL FLATS OPP VRUNDAVANDHAM,364290,MAHUVA,nan,nan,nan,P. DE VRIJ NEDERASSELT,nan,NETHERLANDS,KGS,25000.0,USD,2650.0,66250000.0,65210.0,Rotterdam,MUNDRA SEA,7056602
17/11/2025,7122000,DEHYDRATED ONION SLICES 12.5 KGS NET IN  A POLY BAG 31 BAGS IN A JUMBO BOX,MURTUZA FOOD INGREDIENTS LLP,SURVEY NO 274 PLOT NO 2 OTHA,364290,MAHUVA,nan,nan,nan,M.L.S,nan,SPAIN,MTS,15.5,USD,2200.0,34100.0,34100.0,Valencia,MUNDRA SEA,7059999
17/11/2025,7122000,DEHYDRATED WHITE ONION POWDER IRRADIATED,MAHARAJA DEHYDRATION PRIVATE LIMITED,MAHARAJA NR POST OFFICE GARDEN ROAD,PIN-364290,MAHUVA/GUJ.,GUJARAT,nan,nan,PROVEEDORES DE INGENIERIA ALIMENTAR,nan,MEXICO,KGS,25000.0,USD,1.8,45000.0,45000.0,Manzanillo,MUNDRA SEA,7056580
17/11/2025,7129030,"DEHYDRATED GARLIC GRANULES (1000 BOXES) 2*12.5KG FOIL BAG PACKED INTO CARTON BOX , (REX NO.INREX2413010815EC006)",YOGI FOODS,39 B YOGI BHUVAN GOKULNAGAR JADRA ROAD,PIN-364290,"TAL-MAHUVA, DIST.BHAVNAGAR/GUJARAT",GUJARAT,nan,nan,TO THE ORDER,nan,ROMANIA,KGS,25000.0,USD,1.88,47000.0,47000.0,Constanta,MUNDRA SEA,7044663
16/11/2025,7122000,DEHYDRATED WHITE ONION FLAKES GRADE A (A S PER INVOICE),DELICIOUS FOOD,176 P2 1 RATOL ROAD AT TALGAJARD A,PIN-364290,"MAHUVA,GUJARAT",GUJARAT,nan,nan,SBERBANK RUSSIA,nan,RUSSIA,MTS,14.504,INR,141000.0,2045064.0,20585.57,Novorossiysk,MUNDRA SEA,7026288
16/11/2025,7122000,dehydrated ONION SLICES 12.5 KGS NET IN  A POLY BAG 31 BAGS IN A JUMBO BOX,MURTUZA FOOD INGREDIENTS LLP,SURVEY NO 274 PLOT NO 2 OTHA,364290,MAHUVA,nan,nan,nan,M.L.S,nan,SPAIN,MTS,15.5,USD,2200.0,34100.0,34100.0,Valencia,MUNDRA SEA,7022229
15/11/2025,7129040,DEHYDRATED GARLIC GRANULES 24-40 MESH(A GRADE) (AS PER INVOICE),REAL DEHYDRATES,SAILESH SEEDS OPP M M SHOPPING CENTRE,PIN-364290,"MAHUVA, DIST.BHAVNAGAR/GUJARAT",DIST.BHAVNAGAR/GUJARAT,nan,nan,TO ORDER,nan,MOROCCO,MTS,11.0,USD,1500.0,16500.0,16500.0,Casablanca,MUNDRA SEA,6998875
14/11/2025,7129030,DEHYDRATED GARLIC CLOVES,POOJA DEHY. FOODS PRIVATE LIMITED,nan,nan,nan,nan,nan,nan,TO THE ORDER,nan,KUWAIT,MTS,5.0,USD,1350.0,6750.0,6592.3,Shuaiba,MUNDRA SEA,6966660
14/11/2025,7122000,DEHYDRATED ONION POWDER PACKING IN 20KGS X 1 DOUBLE POLYBAGS IN ONE CARTONS. O/D TL AS PER INVOICE & P/LIST,PARDES QUICK FOODS & DEHYDRATION PRIVATELIMITED,nan,nan,nan,nan,nan,nan,SAME AS CONSIGNEE,nan,INDONESIA,MTS,10.0,USD,2000.0,20000.0,19700.0,Jakarta,MUNDRA SEA,6981021
14/11/2025,7122000,DEHYDRATED ONION POWDER PACKING IN 20KGS X 1 DOUBLE POLYBAGS IN ONE CARTONS. O/D TL AS PER INVOICE & P/LIST,PARDES QUICK FOODS & DEHYDRATION PRIVATELIMITED,nan,nan,nan,nan,nan,nan,SAME AS CONSIGNEE,nan,INDONESIA,MTS,10.0,USD,2000.0,20000.0,19700.0,Jakarta,MUNDRA SEA,6981008
13/11/2025,7122000,"DEHYDRATED ONION POWDER (TOASTED), PACKI NG: 50 LBS x 1 DOUBLE POLYBAGS IN ONE CA RTON.  O/DTL AS PER INVOICE & P/LIST",PARDES QUICK FOODS & DEHYDRATION PRIVATELIMITED,nan,nan,nan,nan,nan,nan,1) QDF GURNEE IL U.S.A.,nan,UNITED STATES,MTS,18.008,USD,2132.0,38393.06,35743.06,Norfolk,MUNDRA SEA,6954132
13/11/2025,7122000,"DEHYDRATED ONION MINCED (TOASTED), PACKI NG: 40 LBS x 1 POLYBAGS IN ONE CARTON O/DTL AS PER INVOICE & P/LIST",PARDES QUICK FOODS & DEHYDRATION PRIVATELIMITED,nan,nan,nan,nan,nan,nan,1) QDF GURNEE IL U.S.A.,nan,UNITED STATES,MTS,18.198,USD,2396.0,43602.41,40945.41,Norfolk,MUNDRA SEA,6954130
13/11/2025,7122000,DEHYDRATED WHITE FRIED ONION KIBBLED  CO RN FLOUR COATED 'A GRADE',PARTH FOODS,BHAVNAGAR NATIONAL HIGHWAY VILLAGE BHADROD,PIN-364290,MAHUVA/GUJARAT,GUJARAT,nan,nan,BINGO D.O.O. EXPORT-IMPORT TUZLA,nan,CROATIA,KGS,500.0,USD,1.85,925.0,866.65,Rijeka Bakar,MUNDRA SEA,6950031
13/11/2025,7122000,DEHYDRATED WHITE ONION KIBBLED 'A GRADE',PARTH FOODS,BHAVNAGAR NATIONAL HIGHWAY VILLAGE BHADROD,PIN-364290,MAHUVA/GUJARAT,GUJARAT,nan,nan,BINGO D.O.O. EXPORT-IMPORT TUZLA,nan,CROATIA,KGS,15442.0,USD,1.716,26498.47,24826.97,Rijeka Bakar,MUNDRA SEA,6950031
13/11/2025,7122000,DEHYDRATED PINK ONION FLAKES A GRADE,CLASSIC FOOD EXPORT,SAHYOG BROKER 3 NAGRIK BANK VASITALAV,PIN-364290,"MAHUVA,GUJARAT",GUJARAT,nan,nan,PCB - PRISHTINE,nan,ALBANIA,MTS,14.0,USD,1020.0,14280.0,14280.0,DURRES,MUNDRA SEA,6945969
13/11/2025,7122000,DEHYDRATED WHITE ONION POWDER A GRADE PA CKING INNER PP BAG OUTER CARTON BOX O/D AS PER INV/PL,DELICIOUS FOOD,176 P2 1 RATOL ROAD AT TALGAJARD A,PIN-364290,"MAHUVA,GUJARAT",GUJARAT,nan,nan,RAND MERCHANT BANK,nan,SOUTH AFRICA,MTS,3.0,USD,1600.0,4800.0,4359.7,Durban,MUNDRA SEA,6943605
13/11/2025,7122000,DEHYDRATED WHITE ONION FLAKES A GRADE PA CKING  INSIDE 14 KG POLY BAG OUTER POLY WOVEN BAG O/D AS PER INV/PL,DELICIOUS FOOD,176 P2 1 RATOL ROAD AT TALGAJARD A,PIN-364290,"MAHUVA,GUJARAT",GUJARAT,nan,nan,RAND MERCHANT BANK,nan,SOUTH AFRICA,MTS,4.508,USD,1680.0,7573.44,6878.74,Durban,MUNDRA SEA,6943605
13/11/2025,7122000,DEHYDRATED WHITE ONION FLAKES A GRADE ST EAM STERILIZED LOT No.: D-WA1/1125,DELICIOUS FOOD,176 P2 1 RATOL ROAD AT TALGAJARD A,PIN-364290,"MAHUVA,GUJARAT",GUJARAT,nan,nan,SWISS BANK LIMITED RIJEKA,nan,CROATIA,MTS,14.56,USD,2055.07005,29921.82,27952.82,Rijeka Bakar,MUNDRA SEA,6950029
13/11/2025,7122000,DEHYDRATED WHITE ONION POWDER,MAHARAJA DEHYDRATION PRIVATE LIMITED,MAHARAJA NR POST OFFICE GARDEN ROAD,PIN-364290,MAHUVA/GUJ.,GUJARAT,nan,nan,Crown Food Group,"13 Nguni Drive Longmeadow West, Modderfontein, 2065, South Africa",SOUTH AFRICA,KGS,25000.0,USD,1.875,46875.0,45131.25,Cape Town,MUNDRA SEA,6953877
12/11/2025,7129030,"DEHYDRATED GARLIC POWDER 20 Kgs net in d ouble poly bag,1 bag in a Carton Each Ca rton net wt.20 kgs&Gross wt.21.100 kgs",FIVE STAR DEHYDRATION PRIVATE LIMITED,GULABHAI BHURANIS VADI RAMPARA ROAD,PIN-364140,"TALAJA, DIST. BHAVNAGAR / GUJARAT",nan,nan,nan,SAME AS CONSIGNEE,nan,PORTUGAL,KGS,2000.0,USD,1.8,3600.0,3600.0,Leixoes,MUNDRA SEA,6911571
12/11/2025,7129030,"DEHYDRATED GARLIC MINCED (G2) 20 Kgs net in double poly bag,1 bag in a Ctn Each Ctn net wt.20 kgs&Gross wt. 21.100 kgs",FIVE STAR DEHYDRATION PRIVATE LIMITED,GULABHAI BHURANIS VADI RAMPARA ROAD,PIN-364140,"TALAJA, DIST. BHAVNAGAR / GUJARAT",nan,nan,nan,SAME AS CONSIGNEE,nan,PORTUGAL,KGS,6000.0,USD,2.2,13200.0,13200.0,Leixoes,MUNDRA SEA,6911571
11/11/2025,7122000,DEHYDRATED WHITE ONION POWDER 80-100 MES H LOW BAC 25KG OW (REST ALL OTHER DETAIL S AS PER INVOICE),NEDSPICE DEHYDRATION INDIA LLP,101 VISHAL FLATS OPP VRUNDAVANDHAM,364290,MAHUVA,nan,nan,nan,P. DE VRIJ NEDERASSELT,nan,NETHERLANDS,KGS,25000.0,USD,2650.0,66250000.0,65185.0,Rotterdam,MUNDRA SEA,6868691
11/11/2025,7122000,DEHYDRATED WHITE ONION MINCED 1-3MM A GR ADE (AS PER INVOICE),DELICIOUS FOOD,176 P2 1 RATOL ROAD AT TALGAJARD A,PIN-364290,"MAHUVA,GUJARAT",GUJARAT,nan,nan,THE BANK OF NEW YORK MELLON,nan,UKRAINE,MTS,16.5,USD,1904.24,31419.96,31419.96,Odessa,MUNDRA SEA,6887917
11/11/2025,7122000,DEYDRATED WHITE ONION CHOPPED (A GRADE),B K DEHY FOODS,SURVEY NO 103 2 2 HARI PARA ROAD VILLAGE BHANVAD,PIN-364290,"MAHUVA,GUJARAT",nan,nan,nan,BFBV,nan,NETHERLANDS,MTS,2.8,USD,1825.0,5110.0,4884.02,Rotterdam,MUNDRA SEA,6865689
11/11/2025,7122000,DEYDRATED WHITE ONION KIBBLED (A GRADE),B K DEHY FOODS,SURVEY NO 103 2 2 HARI PARA ROAD VILLAGE BHANVAD,PIN-364290,"MAHUVA,GUJARAT",nan,nan,nan,BFBV,nan,NETHERLANDS,MTS,2.8,USD,1725.0,4830.0,4616.4,Rotterdam,MUNDRA SEA,6865689
11/11/2025,7129020,DEHYDRATED GARLIC POWDER A-GRADE,CHHATARIYA VEG EXPO PRIVATE LIMITED,BEHIND PETROL PUMP UMANIYAVADAR ROAD,PIN-364290,MAHUVA/GUJARAT,nan,nan,nan,TO THE ORDER,nan,SOUTH AFRICA,MTS,27.975,USD,1180.0,33010.5,32810.5,Durban,MUNDRA SEA,6871592
11/11/2025,7122000,DH WHI ONI GRA 0.2-1 MM LB TPP 20KG (RES T ALL OTHER DETAILS AS PER INVOICE),NEDSPICE DEHYDRATION INDIA LLP,101 VISHAL FLATS OPP VRUNDAVANDHAM,364290,MAHUVA,nan,nan,nan,P. DE VRIJ NEDERASSELT,nan,NETHERLANDS,KGS,10800.0,USD,2607.03,28155924.0,27195.92,Rotterdam,MUNDRA SEA,6860249
11/11/2025,7122000,DEHYDRATED WHITE ONION FLAKES A GRADE PA CKING 5KG X 2 INSIDE POLY BAG OUTER CART ON,CLASSIC FOOD EXPORT,SAHYOG BROKER 3 NAGRIK BANK VASITALAV,PIN-364290,"MAHUVA,GUJARAT",GUJARAT,nan,nan,SAUDI CENTRAL BANK,nan,SAUDI ARABIA,MTS,5.75,USD,1830.0,10522.5,9777.5,Riyadh Dry Port,MUNDRA SEA,6862927
11/11/2025,7122000,Dehydrated Onion Minced 1-3 mm,SKY AGRI EXPORT,G 15 SAHYOG COMPLEX GITIZEN GUEST HOUSE,PIN-364290,"MAHUVA, GUJARAT",nan,nan,nan,GALA NUTS 2015 DOOEL,nan,GREECE,MTS,4.0,USD,1545.0,6180.0,6180.0,Thessaloniki,MUNDRA SEA,6861506
11/11/2025,7122000,Dehydrated Onion Granules 0.5 - 1 mm,SKY AGRI EXPORT,G 15 SAHYOG COMPLEX GITIZEN GUEST HOUSE,PIN-364290,"MAHUVA, GUJARAT",nan,nan,nan,GALA NUTS 2015 DOOEL,nan,GREECE,MTS,2.0,USD,1545.0,3090.0,3090.0,Thessaloniki,MUNDRA SEA,6861506
11/11/2025,7122000,TOASTED ONION FlAKES,FINE FOODS INDUSTRIES,SURVEY NO 159 1 HARIPAR ROAD VILLAGE TAVEDA,PIN-364290,"MAHUVA, GUJARAT-",GUJARAT,nan,ffi.mahuva@gmail.com,PAL,nan,BRAZIL,KGS,1005.0,USD,2.259,2270.3,2188.54,Santos,MUNDRA SEA,6863543
11/11/2025,7122000,DEHYDRATED ONION CHOPPED 3-5 MM,FINE FOODS INDUSTRIES,SURVEY NO 159 1 HARIPAR ROAD VILLAGE TAVEDA,PIN-364290,"MAHUVA, GUJARAT-",GUJARAT,nan,ffi.mahuva@gmail.com,PAL,nan,BRAZIL,KGS,2000.0,USD,2.193,4386.0,4228.05,Santos,MUNDRA SEA,6863543
11/11/2025,7122000,TOASTED ONION MINCED 1-3 MM,FINE FOODS INDUSTRIES,SURVEY NO 159 1 HARIPAR ROAD VILLAGE TAVEDA,PIN-364290,"MAHUVA, GUJARAT-",GUJARAT,nan,ffi.mahuva@gmail.com,PAL,nan,BRAZIL,KGS,3000.0,USD,2.459,7377.0,7111.35,Santos,MUNDRA SEA,6863543
11/11/2025,7122000,DEHYDRATED ONION MINCED 1-3 MM,FINE FOODS INDUSTRIES,SURVEY NO 159 1 HARIPAR ROAD VILLAGE TAVEDA,PIN-364290,"MAHUVA, GUJARAT-",GUJARAT,nan,ffi.mahuva@gmail.com,PAL,nan,BRAZIL,KGS,6000.0,USD,2.194,13164.0,12689.95,Santos,MUNDRA SEA,6863543
11/11/2025,7122000,DEHYDRATED ONION POWDER,FINE FOODS INDUSTRIES,SURVEY NO 159 1 HARIPAR ROAD VILLAGE TAVEDA,PIN-364290,"MAHUVA, GUJARAT-",GUJARAT,nan,ffi.mahuva@gmail.com,PAL,nan,BRAZIL,KGS,11000.0,USD,1.879,20669.0,19924.68,Santos,MUNDRA SEA,6863543
11/11/2025,7122000,Dehydrated Onion Powder,SKY AGRI EXPORT,G 15 SAHYOG COMPLEX GITIZEN GUEST HOUSE,PIN-364290,"MAHUVA, GUJARAT",nan,nan,nan,GALA NUTS 2015 DOOEL,nan,GREECE,MTS,0.5,USD,1335.0,667.5,667.5,Thessaloniki,MUNDRA SEA,6861506
11/11/2025,7129030,DEHYDRATED GARLIC GRANULE,RAM FOODS,nan,nan,nan,nan,nan,nan,JAMIL ABDUL AL FATTAH ASAAD SONS CO,nan,JORDAN,KGS,1000.0,USD,1.75,1750.0,1657.42,Aqaba (El Akaba),MUNDRA SEA,6868792
11/11/2025,7129030,DEHYDRATED GARLIC FLAKES,RAM FOODS,nan,nan,nan,nan,nan,nan,JAMIL ABDUL AL FATTAH ASAAD SONS CO,nan,JORDAN,KGS,2000.0,USD,1.3,2600.0,2462.45,Aqaba (El Akaba),MUNDRA SEA,6868792
11/11/2025,7129020,DEHYDRATED GARLIC POWDER,RAM FOODS,nan,nan,nan,nan,nan,nan,JAMIL ABDUL AL FATTAH ASAAD SONS CO,nan,JORDAN,KGS,9000.0,USD,0.75,6750.0,6392.9,Aqaba (El Akaba),MUNDRA SEA,6868792
11/11/2025,7129030,DEHYDRATED GARLIC FLAKES,RAM FOODS,nan,nan,nan,nan,nan,nan,JAMIL ABDUL AL FATTAH ASAAD SONS CO,nan,JORDAN,KGS,1875.0,USD,1.3,2437.5,2308.07,Aqaba (El Akaba),MUNDRA SEA,6863544
11/11/2025,7129020,DEHYDRATED GARLIC POWDER,RAM FOODS,nan,nan,nan,nan,nan,nan,JAMIL ABDUL AL FATTAH ASAAD SONS CO,nan,JORDAN,KGS,2675.0,USD,0.75,2006.25,1899.72,Aqaba (El Akaba),MUNDRA SEA,6863544
11/11/2025,7122000,DEHYDRATED WHITE ONION FLAKES A GRADE (A S PER INVOICE),DELICIOUS FOOD,176 P2 1 RATOL ROAD AT TALGAJARD A,PIN-364290,"MAHUVA,GUJARAT",GUJARAT,nan,nan,THE BANK OF NEW YORK MELLON,nan,UKRAINE,MTS,4.018,USD,1704.27,6847.76,6847.76,Odessa,MUNDRA SEA,6887917
11/11/2025,7122000,"Dehydrated White Onion Flakes A Grade, R oots and Skin Below 1 %",SKY AGRI EXPORT,G 15 SAHYOG COMPLEX GITIZEN GUEST HOUSE,PIN-364290,"MAHUVA, GUJARAT",nan,nan,nan,GALA NUTS 2015 DOOEL,nan,GREECE,MTS,4.008,USD,1470.0,5891.76,5891.76,Thessaloniki,MUNDRA SEA,6861506
10/11/2025,7122000,ONION SLICES -  OTHER DTLS AS PER INVOIC E & PL,MURTUZA FOOD INGREDIENTS LLP,SURVEY NO 274 PLOT NO 2 OTHA,364290,MAHUVA,nan,nan,nan,M.L.S,nan,SPAIN,MTS,15.5,USD,2075.0,32162.5,32162.5,Valencia,MUNDRA SEA,6831057
10/11/2025,7122000,ONION SLICES 12.5 KGS NET IN A POLY BAG  31 BAGS IN A JUMBO BOX,MURTUZA FOOD INGREDIENTS LLP,SURVEY NO 274 PLOT NO 2 OTHA,364290,MAHUVA,nan,nan,nan,M.L.S,nan,SPAIN,MTS,15.5,USD,2075.0,32162.5,32162.5,Valencia,MUNDRA SEA,6829560
09/11/2025,7129020,DEHYDRATED GARLIC POWDER (25 KG POLY BAG IN PAPER CRAFT BAG PACKING)(236 BAGS),ISHA EXPORTS CO,204 EVA SURBHI OPP AKSHARWADI WAGHAWADI ROAD,PIN-364002,nan,nan,nan,nan,MAJD FOOD COMPANY (K.S.C.C.),nan,KUWAIT,KGS,5900.0,USD,1.075,6342.5,6184.29,Shuwaikh,MUNDRA SEA,6818092
09/11/2025,7129030,Dehydrated Garlic Granules 8-16 Mesh,G SQUARE INTERNATIONAL PRIVATE LIMITED,nan,nan,nan,nan,nan,nan,"""AGROFOOD LIMITED"" LLP",nan,CHINA,MTS,5.5,USD,1680.0,9240.0,9240.0,Lianyungang,MUNDRA SEA,6818792
09/11/2025,7122000,DEHYDRATED WHITE ONION FLAKES (A GRADE)( AS PER INVOICE),REAL DEHYDRATES,SAILESH SEEDS OPP M M SHOPPING CENTRE,PIN-364290,"MAHUVA, DIST.BHAVNAGAR/GUJARAT",DIST.BHAVNAGAR/GUJARAT,nan,nan,TO ORDER CROATIA,nan,CROATIA,MTS,15.05,USD,1800.0,27090.0,25345.81,Rijeka Bakar,MUNDRA SEA,6818094
09/11/2025,7122000,DEHYDRATED WHITE ONION FLAKES O/D AS PER INV PL,KAZMAIN FOODS PRIVATE LIMITED,SURVEY NO 129 GUNDARNI,364290,MAHUVA,nan,nan,nan,SAME AS CONSIGNEE,nan,SAUDI ARABIA,MTS,12.78,USD,1700.0,21726.0,21202.31,Dammam,MUNDRA SEA,6820554
09/11/2025,7122000,DEHYDRATED WHITE ONION FLAKES O/D AS PER INV PL,KAZMAIN FOODS PRIVATE LIMITED,SURVEY NO 129 GUNDARNI,364290,MAHUVA,nan,nan,nan,SAME AS CONSIGNEE,nan,SAUDI ARABIA,MTS,12.6,USD,1700.0,21420.0,20903.69,Dammam,MUNDRA SEA,6820554
09/11/2025,7129030,Dehydrated Garlic Flakes (Premium Grade),G SQUARE INTERNATIONAL PRIVATE LIMITED,nan,nan,nan,nan,nan,nan,"""AGROFOOD LIMITED"" LLP",nan,CHINA,MTS,21.0,USD,1425.0,29925.0,29925.0,Lianyungang,MUNDRA SEA,6818792
08/11/2025,7122000,DEHYDRATED WHITE ONION GRANUELS 0.2-0.5 MM,EUROPEAN DEHYDRATED FOODS llp,SURVEY NO 190 MAHUVA BHAVNAGAR BY PASS HIGHWAY RD,PIN-364290,MAHUVA/GUJARAT,GUJARAT,nan,nan,MS C P S,nan,BELGIUM,KGS,5000.0,USD,2.34268,11713.4,11238.87,Antwerpen,MUNDRA SEA,6815394
08/11/2025,7129020,DEHYDRATED GARLIC POWDER A GRADE,DELICIOUS FOOD,176 P2 1 RATOL ROAD AT TALGAJARD A,PIN-364290,"MAHUVA,GUJARAT",GUJARAT,nan,nan,RAND MERCHANT BANK,nan,SOUTH AFRICA,MTS,28.0,USD,730.0,20440.0,19315.0,Durban,MUNDRA SEA,6805205
08/11/2025,7122000,DEHYDRATED SHALLOT POWDER,EUROPEAN DEHYDRATED FOODS llp,SURVEY NO 190 MAHUVA BHAVNAGAR BY PASS HIGHWAY RD,PIN-364290,MAHUVA/GUJARAT,GUJARAT,nan,nan,MS C P S,nan,BELGIUM,KGS,5380.0,USD,2.69268,14486.62,13899.75,Antwerpen,MUNDRA SEA,6815394
08/11/2025,7122000,ONION SLICES 12.5 KGS NET IN A POLY BAG  31 BAGS IN A JUMBO BOX,MURTUZA FOOD INGREDIENTS LLP,SURVEY NO 274 PLOT NO 2 OTHA,364290,MAHUVA,nan,nan,nan,M.L.S,nan,SPAIN,MTS,15.5,USD,2075.0,32162.5,32162.5,Valencia,MUNDRA SEA,6816456
08/11/2025,7122000,ONION SLICES,MURTUZA FOOD INGREDIENTS LLP,SURVEY NO 274 PLOT NO 2 OTHA,364290,MAHUVA,nan,nan,nan,M.L.S,nan,SPAIN,MTS,15.5,USD,2075.0,32162.5,32162.5,Valencia,MUNDRA SEA,6801196
07/11/2025,7122000,Dehydrated White Onion Flakes 664 PAPER BAGS INSIDE 1 POLY BAG OF 14.00 KGS NET OTHER DETAILS AS PER INVOICE & PL,NEW FOOD,S NO 38 3P 2P1 LUSADI ROAD AT BHA DRA TA MAHUVA,PIN-364290,"MAHUVA,GUJARAT",GUJARAT,nan,nan,KONTAKT VN LIMITED,nan,GREECE,KGS,9296.0,USD,1.57,14594.72,14594.72,Thessaloniki,MUNDRA SEA,6786143
07/11/2025,7122000,Dehydrated White Onion Granules (1-3MM) 150 CARTON BOX INSIDE 1 POLY BAG OF 20.0 0 KGS NET OTHER DETAILS AS PER INVPL,NEW FOOD,S NO 38 3P 2P1 LUSADI ROAD AT BHA DRA TA MAHUVA,PIN-364290,"MAHUVA,GUJARAT",GUJARAT,nan,nan,KONTAKT VN LIMITED,nan,GREECE,KGS,3000.0,USD,1.68,5040.0,5040.0,Thessaloniki,MUNDRA SEA,6786143
07/11/2025,7122000,Dehydrated White Onion Granules (0.5-1MM ) 50 CARTON BOX INSIDE 1 POLY BAG OF 20. 00 KGS NET OTHER DETAILS AS PER INVPL,NEW FOOD,S NO 38 3P 2P1 LUSADI ROAD AT BHA DRA TA MAHUVA,PIN-364290,"MAHUVA,GUJARAT",GUJARAT,nan,nan,KONTAKT VN LIMITED,nan,GREECE,KGS,1000.0,USD,1.68,1680.0,1680.0,Thessaloniki,MUNDRA SEA,6786143
07/11/2025,7122000,Dehydrated White Onion Powder 125 CARTON BOX INSIDE 1 POLY BAG OF 20.00 KGS NET OTHER DETAILS AS PER INVPL,NEW FOOD,S NO 38 3P 2P1 LUSADI ROAD AT BHA DRA TA MAHUVA,PIN-364290,"MAHUVA,GUJARAT",GUJARAT,nan,nan,KONTAKT VN LIMITED,nan,GREECE,KGS,2500.0,USD,1.46,3650.0,3650.0,Thessaloniki,MUNDRA SEA,6786143
07/11/2025,7122000,dehydrated ONION SLICES 12.5 KGS NET IN  A POLY BAG 31 BAGS IN A JUMBO BOX,MURTUZA FOOD INGREDIENTS LLP,SURVEY NO 274 PLOT NO 2 OTHA,364290,MAHUVA,nan,nan,nan,M.L.S,nan,SPAIN,MTS,15.5,USD,2075.0,32162.5,32162.5,Valencia,MUNDRA SEA,6764006
07/11/2025,7122000,FSA DEHYDRATED WHITE ONION GRANUELS 0.2- 0.5 MM ELB IHD 15 KG.OTHER DETAILS AS PE R INVOICE & PL.,NEDSPICE DEHYDRATION INDIA LLP,101 VISHAL FLATS OPP VRUNDAVANDHAM,364290,MAHUVA,nan,nan,nan,SHANTA MARIA AB,nan,SWEDEN,MTS,24.0,USD,3316.35,79592.4,79592.4,Gothenburg,MUNDRA SEA,6770638
07/11/2025,7122000,DEHYDRATED WHITE ONION POWDER HIGH GRADE A PACKING IN INNER PE BAG OUTER CARTON BOX O/D AS PER INV/PL,DELICIOUS FOOD,176 P2 1 RATOL ROAD AT TALGAJARD A,PIN-364290,"MAHUVA,GUJARAT",GUJARAT,nan,nan,SBERBANK RUSSIA,nan,RUSSIA,MTS,2.0,INR,139926.26,279852.52,2871.22,Novorossiysk,MUNDRA SEA,6785131
07/11/2025,7122000,DEHYDRATED WHITE ONION FLAKES HIGH GRADE A PACKING IN OUTER PP BAG INSIDE PE BAG O/D AS PER INV/PL,DELICIOUS FOOD,176 P2 1 RATOL ROAD AT TALGAJARD A,PIN-364290,"MAHUVA,GUJARAT",GUJARAT,nan,nan,SBERBANK RUSSIA,nan,RUSSIA,MTS,13.342,INR,144926.27,1933606.29,19838.34,Novorossiysk,MUNDRA SEA,6785131
07/11/2025,7122000,"DEHYDRATED WHITE ONION MINCED,1-3 MM GRA DE A PACKING IN INNER PE BAG OUTER CARTO N BOX O/D AS PER INV/PL",DELICIOUS FOOD,176 P2 1 RATOL ROAD AT TALGAJARD A,PIN-364290,"MAHUVA,GUJARAT",GUJARAT,nan,nan,SBERBANK RUSSIA,nan,RUSSIA,MTS,1.0,INR,159926.26,159926.26,1640.81,Novorossiysk,MUNDRA SEA,6785131
07/11/2025,7122000,DEHYDRATED ONION POWDER A GRADE (ALLIUM CEPA) (AS PER INV).,NATURAL DEHYDRATED VEGETABLES PRIVATE LIMITED,G 14 ARISTO COMPLEX WAGHWADI ROAD OPP RADHA MANDIR,PIN-364001,BHAVNAGAR/GUJARAT,nan,nan,nan,M. D. GIDA SANAYI VE TIC A.S,nan,TURKEY,KGS,25000.0,USD,1.976,49400.0,49400.0,Aliaga,MUNDRA SEA,6786707
07/11/2025,7122000,DEHYDRATED WHITE ONION KIBBLED 5-25MM LO W BAC TPP 4.5KG (REST ALL OTHER DETAILS AS PER INVOICE),NEDSPICE DEHYDRATION INDIA LLP,101 VISHAL FLATS OPP VRUNDAVANDHAM,364290,MAHUVA,nan,nan,nan,P. DE VRIJ NEDERASSELT,nan,NETHERLANDS,KGS,14040.0,USD,2650.0,37206000.0,36156.0,Rotterdam,MUNDRA SEA,6763262
06/11/2025,7122000,DEHYDRATED WHITE ONION GRANULES  1 MM,MAHARAJA DEHYDRATION PRIVATE LIMITED,MAHARAJA NR POST OFFICE GARDEN ROAD,PIN-364290,MAHUVA/GUJ.,GUJARAT,nan,nan,Krauter Mix GmbH,nan,GERMANY,KGS,24260.0,USD,2.05,49733.0,48543.53,Hamburg,MUNDRA SEA,6753762
06/11/2025,7129030,DEHYDRATED GARLIC CLOVES PACKING IN 480 PAPER BAG,POOJA DEHY. FOODS PRIVATE LIMITED,nan,nan,nan,nan,nan,nan,SAME AS CONSIGNEE,nan,UZBEKISTAN,MTS,12.0,USD,1508.0,18096.0,15196.67,Tashkent,MUNDRA SEA,6757627
06/11/2025,7129020,Dehydrated super light Garlic powder,RAJGURU DEHYDRATES,SURVEY NO 120 1 BHANWAD HARIPARA ROAD DWARIADHISH MARG,PIN-364290,"MAHUVA,GUJARAT",GUJARAT,nan,nan,R S Z O,nan,POLAND,KGS,8750.0,USD,1.49,13037.5,13037.5,Gdansk,MUNDRA SEA,6752396
06/11/2025,7122000,Dehydrated White Onion Powder,RAJGURU DEHYDRATES,SURVEY NO 120 1 BHANWAD HARIPARA ROAD DWARIADHISH MARG,PIN-364290,"MAHUVA,GUJARAT",GUJARAT,nan,nan,R S Z O,nan,POLAND,KGS,3000.0,USD,1.6,4800.0,4800.0,Gdansk,MUNDRA SEA,6752396
06/11/2025,7122000,Dehydrated White Onion 2X2 mm,RAJGURU DEHYDRATES,SURVEY NO 120 1 BHANWAD HARIPARA ROAD DWARIADHISH MARG,PIN-364290,"MAHUVA,GUJARAT",GUJARAT,nan,nan,R S Z O,nan,POLAND,KGS,2000.0,USD,1.8,3600.0,3600.0,Gdansk,MUNDRA SEA,6752396
06/11/2025,7122000,"DEHYDRATED ONION MINCED 1ST QUALITY (TOA STED), PACKING IN 18 KGS CARTONS. O/DTLS AS PER INVOICE & P/LIST",PARDES QUICK FOODS & DEHYDRATION PRIVATELIMITED,nan,nan,nan,nan,nan,nan,FFIGLLC,nan,UNITED STATES,MTS,20.016,USD,2571.0,51461.14,49831.14,New York,MUNDRA SEA,6753623
05/11/2025,7122000,DEHYDRATED WHITE ONION KIBBLED 12.5 KGS  NET IN DOUBLE POLY BAG 1 BAG IN A PAPER  BAG,MURTUZA FOOD INGREDIENTS LLP,SURVEY NO 274 PLOT NO 2 OTHA,364290,MAHUVA,nan,nan,nan,S F,nan,UNITED KINGDOM,MTS,17.0,USD,2100.0,35700.0,35700.0,Felixstowe,MUNDRA SEA,6700789
05/11/2025,7129020,DEHYDRATED GARLIC POWDER,RAM FOODS,nan,nan,nan,nan,nan,nan,ABDUL FATTAH HARIZ FOR IMPORT AND E,nan,JORDAN,KGS,15110.0,USD,0.8,12088.0,11390.95,Aqaba (El Akaba),MUNDRA SEA,6712986
04/11/2025,7122000,DEHYDRATED WHITE ONION KIBBLED 12.5 KGS  NET IN DOUBLE POLY BAG 1 BAG IN A PAPER  BAG,MURTUZA FOOD INGREDIENTS LLP,SURVEY NO 274 PLOT NO 2 OTHA,364290,MAHUVA,nan,nan,nan,S F,nan,UNITED KINGDOM,MTS,17.0,USD,2100.0,35700.0,35700.0,Felixstowe,MUNDRA SEA,6691609
04/11/2025,7129030,DEHYDRATED GARLIC GRANULES 8-16,YMS INTERNATIONAL,nan,nan,nan,nan,nan,nan,"LLC ""PROMPOSTAVKA-M""",nan,RUSSIA,KGS,1000.0,USD,1.365,1365.0,1365.0,Novorossiysk,MUNDRA SEA,6670743
04/11/2025,7129030,DEHYDRATED GARLIC GRANULES 40-80,YMS INTERNATIONAL,nan,nan,nan,nan,nan,nan,"LLC ""PROMPOSTAVKA-M""",nan,RUSSIA,KGS,6000.0,USD,1.365,8190.0,8190.0,Novorossiysk,MUNDRA SEA,6670743
04/11/2025,7129030,DEHYDRATED GARLIC GRANULES 24-40,YMS INTERNATIONAL,nan,nan,nan,nan,nan,nan,"LLC ""PROMPOSTAVKA-M""",nan,RUSSIA,KGS,18000.0,USD,1.365,24570.0,24570.0,Novorossiysk,MUNDRA SEA,6670743
03/11/2025,7122000,nan,BHANU FOODS,SURVEY NO 131 BHANVAD N A,PIN-364290,"MAHUVA,GUJARAT",nan,nan,nan,Freddy Hirsch Group (Pty) LIMITED,nan,SOUTH AFRICA,KGS,24000.0,USD,1.5059,36141.6,36141.6,Cape Town,MUNDRA SEA,6646104
03/11/2025,7122000,DEHYDRATED WHITE ONION KIBBLED 12.5 KGS  NET IN DOUBLE POLY BAG 1 BAG IN A PAPER  BAG,MURTUZA FOOD INGREDIENTS LLP,SURVEY NO 274 PLOT NO 2 OTHA,364290,MAHUVA,nan,nan,nan,S F,nan,UNITED KINGDOM,MTS,17.0,USD,2100.0,35700.0,35700.0,Southampton,MUNDRA SEA,6662901
03/11/2025,7129030,"Dehydrated Garlic Flakes (Premium Grade) ,  PACKING DTLS. AS PER INV.",G SQUARE INTERNATIONAL PRIVATE LIMITED,nan,nan,nan,nan,nan,nan,OIL GAS SOLUTION LIMITED,nan,CHINA,MTS,26.5,USD,1425.0,37762.5,37762.5,Qingdao,MUNDRA SEA,6662172
03/11/2025,7129030,Dehydrated Garlicflakes,ONSHORE INFRASTRUCTURE DEVELOPMENT PROJECTS PRIVAT,701 714 7TH FLOOR ATL CORPORATE PARK SAKI VIHAR ROAD POWAI MUMBAI MAHARASHTRA,400072,MUMBAI,nan,nan,nan,Onshore Infra FZCO,nan,NIGERIA,KGS,150.0,USD,3.32,498.0,420.98,Tincan/Lagos,MUNDRA SEA,6645416
03/11/2025,7122000,DEHYDRATED PINK ONION FLAKES A GRADE PAC KING IN  INNER PP BAG OUTER PAPER BAG O/ D AS PER INV/PL,DELICIOUS FOOD,176 P2 1 RATOL ROAD AT TALGAJARD A,PIN-364290,"MAHUVA,GUJARAT",GUJARAT,nan,nan,BANK OF MAURITIUS,nan,MAURITIUS,MTS,6.65,USD,1035.0,6882.75,6882.75,Port Louis,MUNDRA SEA,6655048
03/11/2025,7122000,DEHYDRATED RED ONION FLAKES A GRADE BATC H NO: - F0905RF,SHAKTI FOODS,SURVEY NO 208 P 2 2 HARIPARA ROA D MOTA JADARA,PIN-364290,"MAHUVA,GUJARAT",nan,nan,nan,B.G.,nan,UNITED KINGDOM,MTS,15.26,USD,1765.0,26933.9,26933.9,Liverpool,MUNDRA SEA,6644603
03/11/2025,7122000,DEHYDRATED WHITE ONION KIBBLED A GRADE ( AS PER INVOICE).,AMIN DEHY FOODS,PLOT NO 43 NAJAF SOCIETY OPP NEW S T STAND,PIN-364290,"MAHUVA,GUJARAT",nan,nan,nan,PALIRRIA JORDAN LIMITED,nan,JORDAN,MTS,15.036,USD,1800.0,27064.8,25587.8,Aqaba (El Akaba),MUNDRA SEA,6663956
01/11/2025,7122000,DEHYDRATED WHITE ONION KIBBLED,MAHARAJA DEHYDRATION PRIVATE LIMITED,MAHARAJA NR POST OFFICE GARDEN ROAD,PIN-364290,MAHUVA/GUJ.,GUJARAT,nan,nan,PETROCHEM INTERNATIONAL TRADING LLC,nan,UNITED ARAB EMIRATES,KGS,15638.0,USD,1.775,27757.45,27401.94,Jebel Ali,MUNDRA SEA,6628498
01/11/2025,7122000,DEHYDRATED WHITE ONION FLAKES O/D AS PER INV PL,KAZMAIN FOODS PRIVATE LIMITED,SURVEY NO 129 GUNDARNI,364290,MAHUVA,nan,nan,nan,SAME AS CONSIGNEE,nan,SAUDI ARABIA,MTS,12.73,USD,1750.0,22277.5,21947.5,Dammam,MUNDRA SEA,6629460
01/11/2025,7122000,Dehydrated White Onion Kibbled /Flakes A Grade,KFI EXPORT,R S NO 180 1 HARIPARA ROAD TAVEDA,PIN-364290,"MAHUVA, DIST.BHAVNAGAR/GUJARAT",nan,nan,nan,"MLADEGS-PAK""  d.o.o. Prnjavor",nan,CROATIA,KGS,13986.0,USD,1.73,24195.78,22472.39,Rijeka Bakar,MUNDRA SEA,6604864
07/11/2025,9042219,1900 PP BagsofIndianOriginDriedRedWholeC hiliStemless(ETO TREATED) Packedin10.000 KgsNetinNewSackBagsGrossWeight:10.060Kgs,HYGIENIC FOODS SYSTEMS,1ST FLOOR 59A NAJAF SOCIETY MAH DI BAUG OPP NEW BUS STAND,PIN-364290,"MAHUVA,GUJARAT",nan,nan,nan,SAME AS CONSIGNEE,nan,UNITED STATES,KGS,19000.0,USD,2.7,51300.0,48300.0,Port Everglades,MUNDRA SEA,6793808
04/11/2025,9042219,1296PPBagsofIndianOriginDriedRedWholeChi liStemless(ETOTREATED) Packedin13.500Kgs NetinNewSackBagsGrossWeight:13.650Kgs,HYGIENIC FOODS SYSTEMS,1ST FLOOR 59A NAJAF SOCIETY MAH DI BAUG OPP NEW BUS STAND,PIN-364290,"MAHUVA,GUJARAT",nan,nan,nan,SAME AS CONSIGNEE,nan,UNITED STATES,KGS,17496.0,USD,2.959,51770.66,49220.66,Los Angeles,MUNDRA SEA,6665929
11/11/2025,9081110,Nutmeg Powder,SKY AGRI EXPORT,G 15 SAHYOG COMPLEX GITIZEN GUEST HOUSE,PIN-364290,"MAHUVA, GUJARAT",nan,nan,nan,GALA NUTS 2015 DOOEL,nan,GREECE,MTS,0.25,USD,3270.0,817.5,817.5,Thessaloniki,MUNDRA SEA,6861506
11/11/2025,9083120,Green cardamom Whole,SKY AGRI EXPORT,G 15 SAHYOG COMPLEX GITIZEN GUEST HOUSE,PIN-364290,"MAHUVA, GUJARAT",nan,nan,nan,GALA NUTS 2015 DOOEL,nan,GREECE,MTS,0.1,USD,30900.0,3090.0,3090.0,Thessaloniki,MUNDRA SEA,6861506
11/11/2025,9093200,Cumin Powder,SKY AGRI EXPORT,G 15 SAHYOG COMPLEX GITIZEN GUEST HOUSE,PIN-364290,"MAHUVA, GUJARAT",nan,nan,nan,GALA NUTS 2015 DOOEL,nan,GREECE,MTS,0.5,USD,1960.0,980.0,980.0,Thessaloniki,MUNDRA SEA,6861506
27/11/2025,9103030,TURMERIC POWDER (O/D AS PER INV).,NDV FOODS,160 3 Nana Jadra Saver Kundla Road,364290,Mahuva,nan,nan,nan,TO ORDER,nan,LITHUANIA,KGS,3000.0,USD,2.3,6900.0,6900.0,Klaipeda,MUNDRA SEA,7379337
24/11/2025,12024220,"GROUNDNUT KERNEL BOLD 40/50 LOT NO. SP25 26061 , SP2526073 , SP2526074 , SP252607 5, 25KG VACUUM PACK IN PP BAG",SHREEJI PROTEIN,BEHIND KISAN SOCIETY VICTOR ROAD N A,PIN-364290,"MAHUVA,GUJARAT",nan,nan,nan,F F M K LIMITED,nan,KENYA,MTS,104.0,USD,1250.0,130000.0,125320.0,Mombasa,MUNDRA SEA,7268938
24/11/2025,12024210,RAW PEANUT 40/50 O/D AS PER INV PL,R M FOODS,SURVEY NO 171 PAIKEE 1 HARIPAR ROAD VILLEGE TAVEDA,PIN-364290,MAHUVA/GUJARAT,nan,nan,nan,SAME AS CONSIGNEE,nan,UNITED ARAB EMIRATES,KGS,25000.0,USD,1.01,25250.0,24950.0,Jebel Ali,MUNDRA SEA,7269799
23/11/2025,12024220,"GROUNDNUT KERNEL BOLD 40/50 LOT NO. SP25 26059 , SP2526060 , SP2526062 , SP252606 3 , SP2526064 25KG VACUUM PACK IN PP BAG",SHREEJI PROTEIN,BEHIND KISAN SOCIETY VICTOR ROAD N A,PIN-364290,"MAHUVA,GUJARAT",nan,nan,nan,F F M K LIMITED,nan,KENYA,MTS,130.0,USD,1250.0,162500.0,156650.0,Mombasa,MUNDRA SEA,7235339
08/11/2025,12024220,"GROUNDNUT KERNEL BOLD 50/60 LOT NO: - 1) SP2526070 , 2)SP2526071 , 3)SP2526072 , 50 KG NET JUTE BAG",SHREEJI PROTEIN,BEHIND KISAN SOCIETY VICTOR ROAD N A,PIN-364290,"MAHUVA,GUJARAT",nan,nan,nan,TF LIMITED,nan,KENYA,MTS,81.0,USD,1135.0,91935.0,88290.0,Mombasa,MUNDRA SEA,6803610
30/11/2025,12074090,BLACK SESAME SEED,HONEST FOOD EXPORT,R S NO 20P3 HARIPARA ROAD N A,PIN-364290,MAHUVA/GUJARAT,GUJARAT,nan,nan,TO THE ORDER,nan,UNITED STATES,MTS,0.726,USD,1400.0,1016.4,1016.4,Cincinnati,MUNDRA SEA,7460657
30/11/2025,12074090,HULLED SESAME SEED,HONEST FOOD EXPORT,R S NO 20P3 HARIPARA ROAD N A,PIN-364290,MAHUVA/GUJARAT,GUJARAT,nan,nan,TO THE ORDER,nan,UNITED STATES,MTS,0.591,USD,1170.0,691.47,691.47,Cincinnati,MUNDRA SEA,7460657
30/11/2025,12074090,NATURAL SESAME SEED,HONEST FOOD EXPORT,R S NO 20P3 HARIPARA ROAD N A,PIN-364290,MAHUVA/GUJARAT,GUJARAT,nan,nan,TO THE ORDER,nan,UNITED STATES,MTS,7.258,USD,1100.0,7983.8,7983.8,Cincinnati,MUNDRA SEA,7460657
30/11/2025,12074090,HULLED SESAME SEED,HONEST FOOD EXPORT,R S NO 20P3 HARIPARA ROAD N A,PIN-364290,MAHUVA/GUJARAT,GUJARAT,nan,nan,TO THE ORDER,nan,UNITED STATES,MTS,12.338,USD,1160.0,14312.08,14312.08,Cincinnati,MUNDRA SEA,7460657
30/11/2025,12074090,HULLED SESAME SEED,HONEST FOOD EXPORT,R S NO 20P3 HARIPARA ROAD N A,PIN-364290,MAHUVA/GUJARAT,GUJARAT,nan,nan,TO THE ORDER,nan,UNITED STATES,MTS,2.838,USD,1110.0,3150.18,3150.18,Cincinnati,MUNDRA SEA,7460657
30/11/2025,12074090,HULLED SESAME SEED,HONEST FOOD EXPORT,R S NO 20P3 HARIPARA ROAD N A,PIN-364290,MAHUVA/GUJARAT,GUJARAT,nan,nan,TO THE ORDER,nan,UNITED STATES,MTS,0.651,USD,1160.0,755.16,755.16,Cincinnati,MUNDRA SEA,7460657
24/11/2025,12079990,CHIA SEEDS,MAAHIR FOODS,RS NO 468P2 VILLAGE BHADROD N A,PIN-364290,"MAHUVA,GUJARAT",GUJARAT,nan,nan,Bayara Saudi Arabia LIMITED,nan,SAUDI ARABIA,KGS,19000.0,USD,2.85,54150.0,53760.0,Dammam,MUNDRA SEA,7248932
24/11/2025,12074090,HULLED SESAME SEED,HONEST FOOD EXPORT,R S NO 20P3 HARIPARA ROAD N A,PIN-364290,MAHUVA/GUJARAT,GUJARAT,nan,nan,TO THE ORDER,nan,UNITED STATES,MTS,11.612,USD,1184.00017,13748.61,12248.85,Cincinnati,MUNDRA SEA,7247068
24/11/2025,12074090,HULLED SESAME SEED,HONEST FOOD EXPORT,R S NO 20P3 HARIPARA ROAD N A,PIN-364290,MAHUVA/GUJARAT,GUJARAT,nan,nan,TO THE ORDER,nan,UNITED STATES,MTS,2.838,USD,1183.9993,3360.19,2993.65,Cincinnati,MUNDRA SEA,7247068
24/11/2025,12074090,HULLED SESAME SEED,HONEST FOOD EXPORT,R S NO 20P3 HARIPARA ROAD N A,PIN-364290,MAHUVA/GUJARAT,GUJARAT,nan,nan,TO THE ORDER,nan,UNITED STATES,MTS,0.488,USD,1182.9918,577.3,514.33,Cincinnati,MUNDRA SEA,7247068
24/11/2025,12074090,HULLED SESAME SEED,HONEST FOOD EXPORT,R S NO 20P3 HARIPARA ROAD N A,PIN-364290,MAHUVA/GUJARAT,GUJARAT,nan,nan,TO THE ORDER,nan,UNITED STATES,MTS,1.178,USD,1182.9966,1393.57,1241.55,Cincinnati,MUNDRA SEA,7247068
24/11/2025,12074090,BLACK SESAME SEED,HONEST FOOD EXPORT,R S NO 20P3 HARIPARA ROAD N A,PIN-364290,MAHUVA/GUJARAT,GUJARAT,nan,nan,TO THE ORDER,nan,UNITED STATES,MTS,0.726,USD,1183.99449,859.58,765.81,Cincinnati,MUNDRA SEA,7247068
24/11/2025,12074090,NATURAL SESAME SEED,HONEST FOOD EXPORT,R S NO 20P3 HARIPARA ROAD N A,PIN-364290,MAHUVA/GUJARAT,GUJARAT,nan,nan,TO THE ORDER,nan,UNITED STATES,MTS,5.806,USD,1183.99931,6874.3,6124.42,Cincinnati,MUNDRA SEA,7247068
24/11/2025,12074090,NATURAL SESAME SEED,HONEST FOOD EXPORT,R S NO 20P3 HARIPARA ROAD N A,PIN-364290,MAHUVA/GUJARAT,GUJARAT,nan,nan,TO THE ORDER,nan,UNITED STATES,MTS,0.589,USD,1184.00679,697.38,621.31,Cincinnati,MUNDRA SEA,7247068
21/11/2025,12074090,HULLED SESAME SEED,HONEST FOOD EXPORT,R S NO 20P3 HARIPARA ROAD N A,PIN-364290,MAHUVA/GUJARAT,GUJARAT,nan,nan,TO THE ORDER,nan,UNITED STATES,MTS,23.95,USD,1150.0,27542.5,24541.41,Cincinnati,MUNDRA SEA,7187627
15/11/2025,12074090,NATURAL SESAME SEED,HONEST FOOD EXPORT,R S NO 20P3 HARIPARA ROAD N A,PIN-364290,MAHUVA/GUJARAT,GUJARAT,nan,nan,TO THE ORDER,nan,UNITED STATES,MTS,1.181,USD,1180.0,1393.58,1246.74,Cincinnati,MUNDRA SEA,7018901
15/11/2025,12074090,NATURAL SESAME SEED,HONEST FOOD EXPORT,R S NO 20P3 HARIPARA ROAD N A,PIN-364290,MAHUVA/GUJARAT,GUJARAT,nan,nan,TO THE ORDER,nan,UNITED STATES,MTS,10.161,USD,1210.0,12294.81,10999.29,Cincinnati,MUNDRA SEA,7018901
15/11/2025,12074090,HULLED SESAME SEED,HONEST FOOD EXPORT,R S NO 20P3 HARIPARA ROAD N A,PIN-364290,MAHUVA/GUJARAT,GUJARAT,nan,nan,TO THE ORDER,nan,UNITED STATES,MTS,0.443,USD,1100.0,487.3,435.95,Cincinnati,MUNDRA SEA,7018901
15/11/2025,12074090,HULLED SESAME SEED,HONEST FOOD EXPORT,R S NO 20P3 HARIPARA ROAD N A,PIN-364290,MAHUVA/GUJARAT,GUJARAT,nan,nan,TO THE ORDER,nan,UNITED STATES,MTS,0.651,USD,1150.0,748.65,669.76,Cincinnati,MUNDRA SEA,7018901
15/11/2025,12074090,HULLED SESAME SEED,HONEST FOOD EXPORT,R S NO 20P3 HARIPARA ROAD N A,PIN-364290,MAHUVA/GUJARAT,GUJARAT,nan,nan,TO THE ORDER,nan,UNITED STATES,MTS,1.135,USD,1320.0,1498.2,1340.33,Cincinnati,MUNDRA SEA,7018901
15/11/2025,12074090,HULLED SESAME SEED,HONEST FOOD EXPORT,R S NO 20P3 HARIPARA ROAD N A,PIN-364290,MAHUVA/GUJARAT,GUJARAT,nan,nan,TO THE ORDER,nan,UNITED STATES,MTS,9.435,USD,1280.0,12076.8,10804.26,Cincinnati,MUNDRA SEA,7018901
01/11/2025,12074090,HULLED SESAME SEED,HONEST FOOD EXPORT,R S NO 20P3 HARIPARA ROAD N A,PIN-364290,MAHUVA/GUJARAT,GUJARAT,nan,nan,TO THE ORDER,nan,UNITED STATES,MTS,0.567,USD,1230.0,697.41,621.36,Cincinnati,MUNDRA SEA,6621506
01/11/2025,12074090,NATURAL SESAME SEED,HONEST FOOD EXPORT,R S NO 20P3 HARIPARA ROAD N A,PIN-364290,MAHUVA/GUJARAT,GUJARAT,nan,nan,TO THE ORDER,nan,UNITED STATES,MTS,1.181,USD,1150.0,1358.15,1210.05,Cincinnati,MUNDRA SEA,6621506
01/11/2025,12074090,HULLED SESAME SEED,HONEST FOOD EXPORT,R S NO 20P3 HARIPARA ROAD N A,PIN-364290,MAHUVA/GUJARAT,GUJARAT,nan,nan,TO THE ORDER,nan,UNITED STATES,MTS,15.241,USD,1204.99967,18365.4,16362.75,Cincinnati,MUNDRA SEA,6621506
01/11/2025,12074090,NATURAL SESAME SEED,HONEST FOOD EXPORT,R S NO 20P3 HARIPARA ROAD N A,PIN-364290,MAHUVA/GUJARAT,GUJARAT,nan,nan,TO THE ORDER,nan,UNITED STATES,MTS,7.258,USD,1125.0,8165.25,7274.87,Cincinnati,MUNDRA SEA,6621506
29/11/2025,20081993,CRISPY FRIED ONIONS,EUROPEAN DEHYDRATED FOODS llp,SURVEY NO 190 MAHUVA BHAVNAGAR BY PASS HIGHWAY RD,PIN-364290,MAHUVA/GUJARAT,GUJARAT,nan,nan,TO ORDER,nan,SPAIN,KGS,13780.0,USD,2.64,36379.2,36379.2,Valencia,MUNDRA SEA,7442346
29/11/2025,20081100,PEANUT BUTTER 1KG,SUPER NUTRI FOODS,1 RAJ COMPLEX BELOW HOTEL GURUKRUPA BHD OLD S T STAND,PIN-364290,"MAHUVA, DIST.BHAVNAGAR/GUJARAT",nan,nan,nan,TO ORDER,nan,SAUDI ARABIA,KGS,18000.0,USD,1.78167,32070.06,32070.06,Dammam,MUNDRA SEA,7448368
29/11/2025,20081100,PEANUT BUTTER LOT NO. 2511609T PEANUT BU TTER - SMOOTH,RUPAREL FOODS PRIVATE LIMITED,43 INDUSTRIAL PLOT N A,PIN-364290,MAHUVA/GUJ.,nan,nan,nan,TO ORDER,nan,NEW ZEALAND,KGS,10980.0,USD,1.95556,21472.05,21472.05,Auckland,MUNDRA SEA,7450004
29/11/2025,20081100,PEANUT BUTTER LOT NO. 2511609T PEANUT BU TTER -CRUNCHY NAS,RUPAREL FOODS PRIVATE LIMITED,43 INDUSTRIAL PLOT N A,PIN-364290,MAHUVA/GUJ.,nan,nan,nan,TO ORDER,nan,NEW ZEALAND,KGS,2025.0,USD,1.95556,3960.01,3960.01,Auckland,MUNDRA SEA,7450004
29/11/2025,20081100,PEANUT BUTTER LOT NO. 2511609T PEANUT BU TTER - EXTRA CRUNCHY,RUPAREL FOODS PRIVATE LIMITED,43 INDUSTRIAL PLOT N A,PIN-364290,MAHUVA/GUJ.,nan,nan,nan,TO ORDER,nan,NEW ZEALAND,KGS,2700.0,USD,1.95556,5280.01,5280.01,Auckland,MUNDRA SEA,7450004
29/11/2025,20081100,PEANUT BUTTER LOT NO. 2511609T PEANUT BU TTER - CRUNCHY,RUPAREL FOODS PRIVATE LIMITED,43 INDUSTRIAL PLOT N A,PIN-364290,MAHUVA/GUJ.,nan,nan,nan,TO ORDER,nan,NEW ZEALAND,KGS,675.0,USD,1.95556,1320.0,1320.0,Auckland,MUNDRA SEA,7450004
29/11/2025,20081100,PEANUT BUTTER LOT NO. 2511608T PEANUT BU TTER - SMOOTH,RUPAREL FOODS PRIVATE LIMITED,43 INDUSTRIAL PLOT N A,PIN-364290,MAHUVA/GUJ.,nan,nan,nan,TO ORDER,nan,NEW ZEALAND,KGS,5845.5,USD,1.95556,11431.23,11431.23,Auckland,MUNDRA SEA,7433030
29/11/2025,20081100,PEANUT BUTTER LOT NO. 2511608T PEANUT BU TTER - SMOOTH NAS,RUPAREL FOODS PRIVATE LIMITED,43 INDUSTRIAL PLOT N A,PIN-364290,MAHUVA/GUJ.,nan,nan,nan,TO ORDER,nan,NEW ZEALAND,KGS,5544.0,USD,1.95556,10841.62,10841.62,Auckland,MUNDRA SEA,7433030
29/11/2025,20081100,PEANUT BUTTER LOT NO. 2511608T PEANUT BU TTER - CRUNCHY NAS,RUPAREL FOODS PRIVATE LIMITED,43 INDUSTRIAL PLOT N A,PIN-364290,MAHUVA/GUJ.,nan,nan,nan,TO ORDER,nan,NEW ZEALAND,KGS,450.0,USD,1.95556,880.0,880.0,Auckland,MUNDRA SEA,7433030
29/11/2025,20081100,PEANUT BUTTER LOT NO. 2511608T PEANUT BU TTER - EXTRA CRUNCHY,RUPAREL FOODS PRIVATE LIMITED,43 INDUSTRIAL PLOT N A,PIN-364290,MAHUVA/GUJ.,nan,nan,nan,TO ORDER,nan,NEW ZEALAND,KGS,1386.0,USD,1.95556,2710.41,2710.41,Auckland,MUNDRA SEA,7433030
29/11/2025,20081100,PEANUT BUTTER LOT NO. 2511608T PEANUT BU TTER - CRUNCHY,RUPAREL FOODS PRIVATE LIMITED,43 INDUSTRIAL PLOT N A,PIN-364290,MAHUVA/GUJ.,nan,nan,nan,TO ORDER,nan,NEW ZEALAND,KGS,3195.0,USD,1.95556,6248.01,6248.01,Auckland,MUNDRA SEA,7433030
29/11/2025,20081100,PEANUT BUTTER O/D AS PER INV PL,R M FOODS,SURVEY NO 171 PAIKEE 1 HARIPAR ROAD VILLEGE TAVEDA,PIN-364290,MAHUVA/GUJARAT,nan,nan,nan,TO ORDER,nan,UNITED ARAB EMIRATES,KGS,16320.0,USD,1.40931,22999.94,22999.94,Jebel Ali,MUNDRA SEA,7429128
29/11/2025,20081100,PEANUT BUTTER LOT NO. 2511608T PEANUT BU TTER - EXTRA CRUNCHY,RUPAREL FOODS PRIVATE LIMITED,43 INDUSTRIAL PLOT N A,PIN-364290,MAHUVA/GUJ.,nan,nan,nan,TO ORDER,nan,NEW ZEALAND,KGS,1386.0,USD,1.95556,2710.41,2710.41,Auckland,MUNDRA SEA,2071902
29/11/2025,20081100,PEANUT BUTTER LOT NO. 2511608T PEANUT BU TTER - SMOOTH,RUPAREL FOODS PRIVATE LIMITED,43 INDUSTRIAL PLOT N A,PIN-364290,MAHUVA/GUJ.,nan,nan,nan,TO ORDER,nan,NEW ZEALAND,KGS,5845.5,USD,1.95556,11431.23,11431.23,Auckland,MUNDRA SEA,2071902
29/11/2025,20081100,PEANUT BUTTER LOT NO. 2511608T PEANUT BU TTER - SMOOTH NAS,RUPAREL FOODS PRIVATE LIMITED,43 INDUSTRIAL PLOT N A,PIN-364290,MAHUVA/GUJ.,nan,nan,nan,TO ORDER,nan,NEW ZEALAND,KGS,5544.0,USD,1.95556,10841.62,10841.62,Auckland,MUNDRA SEA,2071902
29/11/2025,20081100,PEANUT BUTTER LOT NO. 2511608T PEANUT BU TTER - CRUNCHY NAS,RUPAREL FOODS PRIVATE LIMITED,43 INDUSTRIAL PLOT N A,PIN-364290,MAHUVA/GUJ.,nan,nan,nan,TO ORDER,nan,NEW ZEALAND,KGS,450.0,USD,1.95556,880.0,880.0,Auckland,MUNDRA SEA,2071902
29/11/2025,20081100,PEANUT BUTTER LOT NO. 2511608T PEANUT BU TTER - CRUNCHY,RUPAREL FOODS PRIVATE LIMITED,43 INDUSTRIAL PLOT N A,PIN-364290,MAHUVA/GUJ.,nan,nan,nan,TO ORDER,nan,NEW ZEALAND,KGS,3195.0,USD,1.95556,6248.01,6248.01,Auckland,MUNDRA SEA,2071902
27/11/2025,20081100,Peanut Butter 510g,SUPER NUTRI FOODS,1 RAJ COMPLEX BELOW HOTEL GURUKRUPA BHD OLD S T STAND,PIN-364290,"MAHUVA, DIST.BHAVNAGAR/GUJARAT",nan,nan,nan,TO ORDER,nan,SAUDI ARABIA,KGS,18360.0,USD,1.74673,32069.96,32069.95,Dammam,MUNDRA SEA,7354069
27/11/2025,20081100,Peanut Butter 1kg,SUPER NUTRI FOODS,1 RAJ COMPLEX BELOW HOTEL GURUKRUPA BHD OLD S T STAND,PIN-364290,"MAHUVA, DIST.BHAVNAGAR/GUJARAT",nan,nan,nan,TO ORDER,nan,SAUDI ARABIA,KGS,18000.0,USD,1.78167,32070.06,32070.06,Dammam,MUNDRA SEA,7373261
27/11/2025,20081993,FRIED ONION FLAKES (O/D AS PER INV).,NDV FOODS,160 3 Nana Jadra Saver Kundla Road,364290,Mahuva,nan,nan,nan,TO ORDER,nan,LITHUANIA,KGS,1500.0,USD,2.35,3525.0,3525.0,Klaipeda,MUNDRA SEA,7379337
26/11/2025,20081100,PEANUT BUTTER O/D AS PER INV PL,R M FOODS,SURVEY NO 171 PAIKEE 1 HARIPAR ROAD VILLEGE TAVEDA,PIN-364290,MAHUVA/GUJARAT,nan,nan,nan,TO ORDER,nan,IRAQ,KGS,24480.0,USD,1.34804,33000.02,33000.02,Umm Qasr,MUNDRA SEA,7342485
25/11/2025,20081100,PEANUT BUTTER & P.B JAM LOT NO. 2510587T & 2510588T PEANUT BUTTER - SMOOTH,RUPAREL FOODS PRIVATE LIMITED,43 INDUSTRIAL PLOT N A,PIN-364290,MAHUVA/GUJ.,nan,nan,nan,TO ORDER,nan,UNITED KINGDOM,KGS,408.0,USD,3.18627,1300.0,1300.0,LONDON GATWAY PORT,MUNDRA SEA,7303133
25/11/2025,20081100,PEANUT BUTTER & P.B JAM LOT NO. 2510587T & 2510588T PEANUT BUTTER - NAS,RUPAREL FOODS PRIVATE LIMITED,43 INDUSTRIAL PLOT N A,PIN-364290,MAHUVA/GUJ.,nan,nan,nan,TO ORDER,nan,UNITED KINGDOM,KGS,960.0,USD,2.23958,2150.0,2150.0,LONDON GATWAY PORT,MUNDRA SEA,7303133
25/11/2025,20081100,PEANUT BUTTER & P.B JAM LOT NO. 2510587T & 2510588T PEANUT BUTTER - SMOOTH,RUPAREL FOODS PRIVATE LIMITED,43 INDUSTRIAL PLOT N A,PIN-364290,MAHUVA/GUJ.,nan,nan,nan,TO ORDER,nan,UNITED KINGDOM,KGS,4500.0,USD,2.20833,9937.49,9937.49,LONDON GATWAY PORT,MUNDRA SEA,7303133
25/11/2025,20081100,PEANUT BUTTER & P.B JAM LOT NO. 2510587T & 2510588T PEANUT BUTTER - NAS,RUPAREL FOODS PRIVATE LIMITED,43 INDUSTRIAL PLOT N A,PIN-364290,MAHUVA/GUJ.,nan,nan,nan,TO ORDER,nan,UNITED KINGDOM,KGS,5100.0,USD,2.20833,11262.48,11262.48,LONDON GATWAY PORT,MUNDRA SEA,7303133
25/11/2025,20081100,PEANUT BUTTER & P.B JAM LOT NO. 2510587T & 2510588T PEANUT BUTTER - NAS,RUPAREL FOODS PRIVATE LIMITED,43 INDUSTRIAL PLOT N A,PIN-364290,MAHUVA/GUJ.,nan,nan,nan,TO ORDER,nan,UNITED KINGDOM,KGS,5700.0,USD,2.20833,12587.48,12587.48,LONDON GATWAY PORT,MUNDRA SEA,7303133
25/11/2025,20081100,PEANUT BUTTER & P.B JAM LOT NO. 2510587T & 2510588T PEANUT BUTTER - CRUNCHY,RUPAREL FOODS PRIVATE LIMITED,43 INDUSTRIAL PLOT N A,PIN-364290,MAHUVA/GUJ.,nan,nan,nan,TO ORDER,nan,UNITED KINGDOM,KGS,408.0,USD,2.51225,1025.0,1025.0,LONDON GATWAY PORT,MUNDRA SEA,7303133
25/11/2025,20081100,PEANUT BUTTER & P.B JAM LOT NO. 2510587T & 2510588T PEANUT BUTTER - SMOOTH,RUPAREL FOODS PRIVATE LIMITED,43 INDUSTRIAL PLOT N A,PIN-364290,MAHUVA/GUJ.,nan,nan,nan,TO ORDER,nan,UNITED KINGDOM,KGS,3300.0,USD,2.20833,7287.49,7287.49,LONDON GATWAY PORT,MUNDRA SEA,7303133
25/11/2025,20081100,PEANUT BUTTER & P.B JAM LOT NO. 2510587T & 2510588T PEANUT BUTTER - SMOOTH,RUPAREL FOODS PRIVATE LIMITED,43 INDUSTRIAL PLOT N A,PIN-364290,MAHUVA/GUJ.,nan,nan,nan,TO ORDER,nan,UNITED KINGDOM,KGS,960.0,USD,2.23958,2150.0,2150.0,LONDON GATWAY PORT,MUNDRA SEA,7303133
24/11/2025,20081100,PEANUT BUTTER (AS PER INV),MOTHER NUTRI FOODS  LIMITED,SURVEY NO 276 1 OPP PETROL PUMP MAHUVA BHVANAGAR ROAD,364290,MAHUVA,nan,nan,nan,AL AJWAD INTERNATIONAL GENERAL TRAD,nan,SOUTH AFRICA,KGS,250.0,USD,18.1,4525.0,3317.7,Durban,MUNDRA SEA,7264100
24/11/2025,20081100,PEANUT BUTTER (AS PER INV),MOTHER NUTRI FOODS  LIMITED,SURVEY NO 276 1 OPP PETROL PUMP MAHUVA BHVANAGAR ROAD,364290,MAHUVA,nan,nan,nan,AL AJWAD INTERNATIONAL GENERAL TRAD,nan,SOUTH AFRICA,KGS,300.0,USD,18.1,5430.0,3981.24,Durban,MUNDRA SEA,7264100
24/11/2025,20081100,PEANUT BUTTER (AS PER INV),MOTHER NUTRI FOODS  LIMITED,SURVEY NO 276 1 OPP PETROL PUMP MAHUVA BHVANAGAR ROAD,364290,MAHUVA,nan,nan,nan,AL AJWAD INTERNATIONAL GENERAL TRAD,nan,SOUTH AFRICA,KGS,1000.0,USD,13.77,13770.0,10096.06,Durban,MUNDRA SEA,7264100
24/11/2025,20081100,PEANUT BUTTER LOT NO. 2511615T PEANUT BU TTER - CRUNCHY,RUPAREL FOODS PRIVATE LIMITED,43 INDUSTRIAL PLOT N A,PIN-364290,MAHUVA/GUJ.,nan,nan,nan,OXFORD C A,nan,VENEZUELA,KGS,21655.8,USD,2.51468,54457.41,50024.44,La Guaira,MUNDRA SEA,7266631
22/11/2025,20081993,Dehydrated white fried onions,RAJGURU DEHYDRATES,SURVEY NO 120 1 BHANWAD HARIPARA ROAD DWARIADHISH MARG,PIN-364290,"MAHUVA,GUJARAT",GUJARAT,nan,nan,AS EP,nan,SPAIN,KGS,500.0,USD,1.95,975.0,927.03,Barcelona,MUNDRA SEA,7217700
22/11/2025,20081100,PEANUT BUTTER O/D AS PER INV PL,R M FOODS,SURVEY NO 171 PAIKEE 1 HARIPAR ROAD VILLEGE TAVEDA,PIN-364290,MAHUVA/GUJARAT,nan,nan,nan,SAME AS CONSIGNEE,nan,SOMAALIA,KGS,14688.0,USD,1.71569,25200.05,25200.05,Mogadishu,MUNDRA SEA,7229930
22/11/2025,20081100,PEANUT BUTTER O/D AS PER INV PL,R M FOODS,SURVEY NO 171 PAIKEE 1 HARIPAR ROAD VILLEGE TAVEDA,PIN-364290,MAHUVA/GUJARAT,nan,nan,nan,SAME AS CONSIGNEE,nan,SOMAALIA,KGS,3264.0,USD,1.71569,5600.01,5600.01,Mogadishu,MUNDRA SEA,7229930
22/11/2025,20081993,CRISPY FRIED ONION 15 KGS NET IN A POLY  BAG 1 BAG IN A CARTON,MURTUZA FOOD INGREDIENTS LLP,SURVEY NO 274 PLOT NO 2 OTHA,364290,MAHUVA,nan,nan,nan,L.P,nan,SPAIN,MTS,4.5,USD,2356.1,10602.45,10090.1,Valencia,MUNDRA SEA,7208045
22/11/2025,20081100,Peanut Butter (200g),SUPER NUTRI FOODS,1 RAJ COMPLEX BELOW HOTEL GURUKRUPA BHD OLD S T STAND,PIN-364290,"MAHUVA, DIST.BHAVNAGAR/GUJARAT",nan,nan,nan,Nathan Foods Corporation,nan,PANAMA,KGS,4800.0,USD,2.47131,11862.29,11200.77,Manzanillo,MUNDRA SEA,7219894
22/11/2025,20081100,Peanut Butter (283g),SUPER NUTRI FOODS,1 RAJ COMPLEX BELOW HOTEL GURUKRUPA BHD OLD S T STAND,PIN-364290,"MAHUVA, DIST.BHAVNAGAR/GUJARAT",nan,nan,nan,Nathan Foods Corporation,nan,PANAMA,KGS,5434.0,USD,2.26165,12289.81,11604.45,Manzanillo,MUNDRA SEA,7219894
22/11/2025,20081100,Peanut Butter (510g),SUPER NUTRI FOODS,1 RAJ COMPLEX BELOW HOTEL GURUKRUPA BHD OLD S T STAND,PIN-364290,"MAHUVA, DIST.BHAVNAGAR/GUJARAT",nan,nan,nan,Nathan Foods Corporation,nan,PANAMA,KGS,4896.0,USD,2.01489,9864.9,9314.77,Manzanillo,MUNDRA SEA,7219894
21/11/2025,20081100,PEANUT BUTTER LOT NO. 2511598T PEANUT BU TTER - CREAMY,RUPAREL FOODS PRIVATE LIMITED,43 INDUSTRIAL PLOT N A,PIN-364290,MAHUVA/GUJ.,nan,nan,nan,M H ENTERPRISES LLC,"P.O. Box 5771, Al Quoz Industrial Area #3, Dubai, UAE",UNITED ARAB EMIRATES,KGS,11444.4,USD,2.08333,23842.46,23705.97,Jebel Ali,MUNDRA SEA,7195902
21/11/2025,20081100,PEANUT BUTTER LOT NO. 2511598T PEANUT BU TTER - CREAMY,RUPAREL FOODS PRIVATE LIMITED,43 INDUSTRIAL PLOT N A,PIN-364290,MAHUVA/GUJ.,nan,nan,nan,M H ENTERPRISES LLC,"P.O. Box 5771, Al Quoz Industrial Area #3, Dubai, UAE",UNITED ARAB EMIRATES,KGS,6609.6,USD,2.04248,13499.98,13422.7,Jebel Ali,MUNDRA SEA,7195902
21/11/2025,20081100,PEANUT BUTTER LOT NO. 2511598T PEANUT BU TTER - CRUNCHY,RUPAREL FOODS PRIVATE LIMITED,43 INDUSTRIAL PLOT N A,PIN-364290,MAHUVA/GUJ.,nan,nan,nan,M H ENTERPRISES LLC,"P.O. Box 5771, Al Quoz Industrial Area #3, Dubai, UAE",UNITED ARAB EMIRATES,KGS,4406.4,USD,2.04248,8999.98,8948.46,Jebel Ali,MUNDRA SEA,7195902
20/11/2025,20081100,Peanut Butter 500g,SUPER NUTRI FOODS,1 RAJ COMPLEX BELOW HOTEL GURUKRUPA BHD OLD S T STAND,PIN-364290,"MAHUVA, DIST.BHAVNAGAR/GUJARAT",nan,nan,nan,WORLDWIDE DISTRIBUTORS,nan,CANADA,KGS,18000.0,USD,2.105,37890.0,33882.0,Toronto,MUNDRA SEA,7150899
20/11/2025,20081100,Peanut Butter 500g,SUPER NUTRI FOODS,1 RAJ COMPLEX BELOW HOTEL GURUKRUPA BHD OLD S T STAND,PIN-364290,"MAHUVA, DIST.BHAVNAGAR/GUJARAT",nan,nan,nan,WORLDWIDE DISTRIBUTORS,nan,CANADA,KGS,18000.0,USD,2.105,37890.0,33882.0,Toronto,MUNDRA SEA,7156241
19/11/2025,20081100,PEANUT BUTTER O/D AS PER INV PL,R M FOODS,SURVEY NO 171 PAIKEE 1 HARIPAR ROAD VILLEGE TAVEDA,PIN-364290,MAHUVA/GUJARAT,nan,nan,nan,SAME AS CONSIGNEE,nan,LIBYAN ARAB REPUBLIC,KGS,15585.6,USD,1.91176,29795.93,28455.93,Bingazi (Benghazi),MUNDRA SEA,7125056
19/11/2025,20081100,PEANUT BUTTER O/D AS PER INV PL,R M FOODS,SURVEY NO 171 PAIKEE 1 HARIPAR ROAD VILLEGE TAVEDA,PIN-364290,MAHUVA/GUJARAT,nan,nan,nan,SAME AS CONSIGNEE,nan,SOUTH AFRICA,KGS,127050.0,USD,1.0,127050.0,121850.0,Durban,MUNDRA SEA,7108242
18/11/2025,20081100,PEANUT BUTTER LOT NO. 2511597M PEANUT BU TTER - SMOOTH,RUPAREL FOODS PRIVATE LIMITED,43 INDUSTRIAL PLOT N A,PIN-364290,MAHUVA/GUJ.,nan,nan,nan,COTRADING S.L,nan,SPAIN,KGS,15360.0,USD,2.11458,32479.95,32479.95,Barcelona,MUNDRA SEA,7073950
18/11/2025,20081100,PEANUT BUTTER LOT NO. 2511600M PEANUT BU TTER - CRUNCHY,RUPAREL FOODS PRIVATE LIMITED,43 INDUSTRIAL PLOT N A,PIN-364290,MAHUVA/GUJ.,nan,nan,nan,COTRADING S.L,nan,SPAIN,KGS,4435.2,USD,2.11458,9378.59,9378.59,Barcelona,MUNDRA SEA,7073948
18/11/2025,20081100,PEANUT BUTTER LOT NO. 2511600M PEANUT BU TTER - CREAMY,RUPAREL FOODS PRIVATE LIMITED,43 INDUSTRIAL PLOT N A,PIN-364290,MAHUVA/GUJ.,nan,nan,nan,COTRADING S.L,nan,SPAIN,KGS,10924.8,USD,2.11458,23101.36,23101.36,Barcelona,MUNDRA SEA,7073948
18/11/2025,20081100,PEANUT BUTTER CARTONS LOT NO: 2510C - Ot her detials as per invoice and packingli st,SAAZ FOODS,52 HAKIMI VILLA SAIFEE SOCIETY TAMBOLI NAL NEAR MALI NI VADI,PIN-364290,"MAHUVA, DIST.BHAVNAGAR/GUJARAT",DIST.BHAVNAGAR/GUJARAT,nan,nan,SA,nan,COSTA RICA,KGS,24552.0,USD,1.873,45985.9,45985.9,PUERTO CALDERA,MUNDRA SEA,7080284
17/11/2025,20081100,PEANUT BUTTER LOT NO. 2511599M PEANUT BU TTER - SMOOTH,RUPAREL FOODS PRIVATE LIMITED,43 INDUSTRIAL PLOT N A,PIN-364290,MAHUVA/GUJ.,nan,nan,nan,COTRADING S.L,nan,SPAIN,KGS,14421.0,USD,2.0614,29727.45,29727.45,Barcelona,MUNDRA SEA,7055900
17/11/2025,20081100,PEANUT BUTTER LOT NO. 2511596M PEANUT BU TTER - CRUNCHY,RUPAREL FOODS PRIVATE LIMITED,43 INDUSTRIAL PLOT N A,PIN-364290,MAHUVA/GUJ.,nan,nan,nan,COTRADING S.L,nan,SPAIN,KGS,14421.0,USD,2.0614,29727.45,29727.45,Barcelona,MUNDRA SEA,7055898
17/11/2025,20081100,PEANUT BUTTER (AS PER INV),MOTHER NUTRI FOODS  LIMITED,SURVEY NO 276 1 OPP PETROL PUMP MAHUVA BHVANAGAR ROAD,364290,MAHUVA,nan,nan,nan,AL AJWAD INTERNATIONAL GENERAL TRAD,nan,SOUTH AFRICA,KGS,1600.0,USD,16.75,26800.0,20590.0,Durban,MUNDRA SEA,7046646
13/11/2025,20081100,PEANUT BUTTER 510G,SUPER NUTRI FOODS,1 RAJ COMPLEX BELOW HOTEL GURUKRUPA BHD OLD S T STAND,PIN-364290,"MAHUVA, DIST.BHAVNAGAR/GUJARAT",nan,nan,nan,HAMED A.KH. AL GHAMDI PARTNERSHIP C,nan,SAUDI ARABIA,KGS,18360.0,USD,1.74673,32069.96,31669.96,Dammam,MUNDRA SEA,6951740
13/11/2025,20081100,PEANUT BUTTER O/D AS PER INV PL,R M FOODS,SURVEY NO 171 PAIKEE 1 HARIPAR ROAD VILLEGE TAVEDA,PIN-364290,MAHUVA/GUJARAT,nan,nan,nan,SAME AS CONSIGNEE,nan,UNITED ARAB EMIRATES,KGS,15585.6,USD,1.47059,22920.03,22800.03,Jebel Ali,MUNDRA SEA,6947983
12/11/2025,20081100,PEANUT BUTTER (AS PER INV),MOTHER NUTRI FOODS  LIMITED,SURVEY NO 276 1 OPP PETROL PUMP MAHUVA BHVANAGAR ROAD,364290,MAHUVA,nan,nan,nan,AL AJWAD INTERNATIONAL GENERAL TRAD,nan,SOUTH AFRICA,KGS,1000.0,USD,16.8,16800.0,14398.95,Durban,MUNDRA SEA,6917877
12/11/2025,20081100,PEANUT BUTTER (AS PER INV),MOTHER NUTRI FOODS  LIMITED,SURVEY NO 276 1 OPP PETROL PUMP MAHUVA BHVANAGAR ROAD,364290,MAHUVA,nan,nan,nan,AL AJWAD INTERNATIONAL GENERAL TRAD,nan,SOUTH AFRICA,KGS,250.0,USD,16.0,4000.0,3428.32,Durban,MUNDRA SEA,6917877
12/11/2025,20081100,PEANUT BUTTER (AS PER INV),MOTHER NUTRI FOODS  LIMITED,SURVEY NO 276 1 OPP PETROL PUMP MAHUVA BHVANAGAR ROAD,364290,MAHUVA,nan,nan,nan,AL AJWAD INTERNATIONAL GENERAL TRAD,nan,SOUTH AFRICA,KGS,1500.0,USD,16.5,24750.0,21212.73,Durban,MUNDRA SEA,6917877
12/11/2025,20081100,PEANUT BUTTER 1KG,SUPER NUTRI FOODS,1 RAJ COMPLEX BELOW HOTEL GURUKRUPA BHD OLD S T STAND,PIN-364290,"MAHUVA, DIST.BHAVNAGAR/GUJARAT",nan,nan,nan,HAMED A.KH. AL GHAMDI PARTNERSHIP C,nan,SAUDI ARABIA,KGS,18000.0,USD,1.78167,32070.06,31670.06,Dammam,MUNDRA SEA,6920224
12/11/2025,20081100,PEANUT BUTTER O/D AS PER INV PL,R M FOODS,SURVEY NO 171 PAIKEE 1 HARIPAR ROAD VILLEGE TAVEDA,PIN-364290,MAHUVA/GUJARAT,nan,nan,nan,SAME AS CONSIGNEE,nan,SOMAALIA,KGS,3264.0,USD,1.71569,5600.01,5295.79,Mogadishu,MUNDRA SEA,6917715
12/11/2025,20081100,PEANUT BUTTER O/D AS PER INV PL,R M FOODS,SURVEY NO 171 PAIKEE 1 HARIPAR ROAD VILLEGE TAVEDA,PIN-364290,MAHUVA/GUJARAT,nan,nan,nan,SAME AS CONSIGNEE,nan,SOMAALIA,KGS,14688.0,USD,1.63399,24000.05,22696.27,Mogadishu,MUNDRA SEA,6917715
12/11/2025,20081100,PEANUT BUTTER O/D AS PER INV PL,R M FOODS,SURVEY NO 171 PAIKEE 1 HARIPAR ROAD VILLEGE TAVEDA,PIN-364290,MAHUVA/GUJARAT,nan,nan,nan,SAME AS CONSIGNEE,nan,SOUTH AFRICA,KGS,11928.0,USD,1.51042,18016.29,17219.28,Cape Town,MUNDRA SEA,6908416
12/11/2025,20081100,PEANUT BUTTER O/D AS PER INV PL,R M FOODS,SURVEY NO 171 PAIKEE 1 HARIPAR ROAD VILLEGE TAVEDA,PIN-364290,MAHUVA/GUJARAT,nan,nan,nan,SAME AS CONSIGNEE,nan,SOUTH AFRICA,KGS,3840.0,USD,1.49792,5752.01,5497.55,Cape Town,MUNDRA SEA,6908416
12/11/2025,20081100,PEANUT BUTTER O/D AS PER INV PL,R M FOODS,SURVEY NO 171 PAIKEE 1 HARIPAR ROAD VILLEGE TAVEDA,PIN-364290,MAHUVA/GUJARAT,nan,nan,nan,SAME AS CONSIGNEE,nan,SOUTH AFRICA,KGS,9000.0,USD,1.69167,15225.03,14551.5,Cape Town,MUNDRA SEA,6908416
11/11/2025,20081100,PEANUT BUTTER O/D AS PER INV PL,R M FOODS,SURVEY NO 171 PAIKEE 1 HARIPAR ROAD VILLEGE TAVEDA,PIN-364290,MAHUVA/GUJARAT,nan,nan,nan,SAME AS CONSIGNEE,nan,AUSTRALIA,KGS,4896.0,USD,1.79739,8800.02,8391.55,Brisbane,MUNDRA SEA,6869110
11/11/2025,20081100,PEANUT BUTTER O/D AS PER INV PL,R M FOODS,SURVEY NO 171 PAIKEE 1 HARIPAR ROAD VILLEGE TAVEDA,PIN-364290,MAHUVA/GUJARAT,nan,nan,nan,SAME AS CONSIGNEE,nan,AUSTRALIA,KGS,9000.0,USD,1.75111,15759.99,15028.46,Brisbane,MUNDRA SEA,6869110
11/11/2025,20081100,PEANUT BUTTER (227G),SUPER NUTRI FOODS,1 RAJ COMPLEX BELOW HOTEL GURUKRUPA BHD OLD S T STAND,PIN-364290,"MAHUVA, DIST.BHAVNAGAR/GUJARAT",nan,nan,nan,ALNAFEA FOODS CO,"Cornich road, Jeddah, Saudi Arabia 23511",SAUDI ARABIA,KGS,14982.0,USD,1.92731,28874.96,28186.96,Jeddah,MUNDRA SEA,6868810
11/11/2025,20081993,CRISPY FRIED WHITE ONION KIBBLED (A GRAD E),B K DEHY FOODS,SURVEY NO 103 2 2 HARI PARA ROAD VILLAGE BHANVAD,PIN-364290,"MAHUVA,GUJARAT",nan,nan,nan,BFBV,nan,NETHERLANDS,MTS,6.01,USD,1800.0,10818.0,10339.59,Rotterdam,MUNDRA SEA,6865689
10/11/2025,20081100,PEANUT BUTTER (340G),SUPER NUTRI FOODS,1 RAJ COMPLEX BELOW HOTEL GURUKRUPA BHD OLD S T STAND,PIN-364290,"MAHUVA, DIST.BHAVNAGAR/GUJARAT",nan,nan,nan,ALNAFEA FOODS CO,"Cornich road, Jeddah, Saudi Arabia 23511",SAUDI ARABIA,KGS,15504.0,USD,1.91176,29639.93,28951.93,Jeddah,MUNDRA SEA,6833906
10/11/2025,20081100,PEANUT BUTTER (AS PER INV),MOTHER NUTRI FOODS  LIMITED,SURVEY NO 276 1 OPP PETROL PUMP MAHUVA BHVANAGAR ROAD,364290,MAHUVA,nan,nan,nan,AL AJWAD INTERNATIONAL GENERAL TRAD,nan,SOUTH AFRICA,KGS,3400.0,USD,8.4,28560.0,22360.0,Durban,MUNDRA SEA,6832412
09/11/2025,20081100,"DARK ROASTED MINCED PEANUT 2-4 MM LOT NO . SNB2526240 ,  25 KG VACUUM PACK IN BOX ES",SHREEJI NUT BUTTER,SURVEY NO 143 MAHUVA SAVARKUNDLA R OAD TAVEDA,PIN-364290,"MAHUVA,GUJARAT",nan,nan,nan,SBH I FZC,nan,OMAN,MTS,11.5,USD,1425.0,16387.5,16054.0,Sohar,MUNDRA SEA,6820456
08/11/2025,20081100,PEANUT BUTTER LOT NO. 2510581T PEANUT BU TTER - EXTRA CRUNCHY,RUPAREL FOODS PRIVATE LIMITED,43 INDUSTRIAL PLOT N A,PIN-364290,MAHUVA/GUJ.,nan,nan,nan,NATURAL SUGARS (NEW ZEALAND) LIMITE,nan,NEW ZEALAND,KGS,1386.0,USD,1.95556,2710.41,2710.41,Auckland,MUNDRA SEA,6815404
08/11/2025,20081100,PEANUT BUTTER LOT NO. 2510581T PEANUT BU TTER - SMOOTH,RUPAREL FOODS PRIVATE LIMITED,43 INDUSTRIAL PLOT N A,PIN-364290,MAHUVA/GUJ.,nan,nan,nan,NATURAL SUGARS (NEW ZEALAND) LIMITE,nan,NEW ZEALAND,KGS,6592.5,USD,1.95556,12892.03,12892.03,Auckland,MUNDRA SEA,6815404
08/11/2025,20081100,PEANUT BUTTER LOT NO. 2510581T PEANUT BU TTER - CRUNCHY,RUPAREL FOODS PRIVATE LIMITED,43 INDUSTRIAL PLOT N A,PIN-364290,MAHUVA/GUJ.,nan,nan,nan,NATURAL SUGARS (NEW ZEALAND) LIMITE,nan,NEW ZEALAND,KGS,5544.0,USD,1.95556,10841.62,10841.62,Auckland,MUNDRA SEA,6815404
08/11/2025,20081100,PEANUT BUTTER O/D AS PER INV PL,R M FOODS,SURVEY NO 171 PAIKEE 1 HARIPAR ROAD VILLEGE TAVEDA,PIN-364290,MAHUVA/GUJARAT,nan,nan,nan,SAME AS CONSIGNEE,nan,SINGAPORE,KGS,5140.8,USD,1.47059,7560.01,7560.01,Singapore,MUNDRA SEA,6815489
08/11/2025,20081100,PEANUT BUTTER LOT NO. 2510581T PEANUT BU TTER - SMOOTH NAS,RUPAREL FOODS PRIVATE LIMITED,43 INDUSTRIAL PLOT N A,PIN-364290,MAHUVA/GUJ.,nan,nan,nan,NATURAL SUGARS (NEW ZEALAND) LIMITE,nan,NEW ZEALAND,KGS,2772.0,USD,1.95556,5420.81,5420.81,Auckland,MUNDRA SEA,6815404
08/11/2025,20081100,PEANUT BUTTER LOT NO. 2510580T PEANUT BU TTER - SMOOTH,RUPAREL FOODS PRIVATE LIMITED,43 INDUSTRIAL PLOT N A,PIN-364290,MAHUVA/GUJ.,nan,nan,nan,NATURAL SUGARS (NEW ZEALAND) LIMITE,nan,NEW ZEALAND,KGS,12312.0,USD,1.825,22469.4,22469.4,Napier / HASTINGS,MUNDRA SEA,6813379
08/11/2025,20081100,PEANUT BUTTER O/D AS PER INV PL,R M FOODS,SURVEY NO 171 PAIKEE 1 HARIPAR ROAD VILLEGE TAVEDA,PIN-364290,MAHUVA/GUJARAT,nan,nan,nan,SAME AS CONSIGNEE,nan,SINGAPORE,KGS,6691.2,USD,1.47059,9840.01,9840.01,Singapore,MUNDRA SEA,6815489
08/11/2025,20081100,PEANUT BUTTER LOT NO. 2510580T PEANUT BU TTER - CRUNCHY,RUPAREL FOODS PRIVATE LIMITED,43 INDUSTRIAL PLOT N A,PIN-364290,MAHUVA/GUJ.,nan,nan,nan,NATURAL SUGARS (NEW ZEALAND) LIMITE,nan,NEW ZEALAND,KGS,5988.0,USD,1.825,10928.1,10928.1,Napier / HASTINGS,MUNDRA SEA,6813379
08/11/2025,20081100,PEANUT BUTTER LOT NO. 2510581T PEANUT BU TTER - CRUNCHY NAS,RUPAREL FOODS PRIVATE LIMITED,43 INDUSTRIAL PLOT N A,PIN-364290,MAHUVA/GUJ.,nan,nan,nan,NATURAL SUGARS (NEW ZEALAND) LIMITE,nan,NEW ZEALAND,KGS,693.0,USD,1.95556,1355.2,1355.2,Auckland,MUNDRA SEA,6815404
08/11/2025,20081100,PEANUT BUTTER O/D AS PER INV PL,R M FOODS,SURVEY NO 171 PAIKEE 1 HARIPAR ROAD VILLEGE TAVEDA,PIN-364290,MAHUVA/GUJARAT,nan,nan,nan,SAME AS CONSIGNEE,nan,SINGAPORE,KGS,4704.0,USD,1.66667,7840.02,7840.02,Singapore,MUNDRA SEA,6815489
08/11/2025,20081100,PEANUT BUTTER O/D AS PER INV PL,R M FOODS,SURVEY NO 171 PAIKEE 1 HARIPAR ROAD VILLEGE TAVEDA,PIN-364290,MAHUVA/GUJARAT,nan,nan,nan,SAME AS CONSIGNEE,nan,SINGAPORE,KGS,2937.6,USD,1.47059,4320.01,4320.01,Singapore,MUNDRA SEA,6815489
08/11/2025,20081100,PEANUT BUTTER O/D AS PER INV PL,R M FOODS,SURVEY NO 171 PAIKEE 1 HARIPAR ROAD VILLEGE TAVEDA,PIN-364290,MAHUVA/GUJARAT,nan,nan,nan,SAME AS CONSIGNEE,nan,SINGAPORE,KGS,4977.6,USD,1.47059,7320.01,7320.01,Singapore,MUNDRA SEA,6815489
08/11/2025,20081100,PEANUT BUTTER O/D AS PER INV PL,R M FOODS,SURVEY NO 171 PAIKEE 1 HARIPAR ROAD VILLEGE TAVEDA,PIN-364290,MAHUVA/GUJARAT,nan,nan,nan,SAME AS CONSIGNEE,nan,SINGAPORE,KGS,8064.0,USD,1.66667,13440.03,13440.03,Singapore,MUNDRA SEA,6815489
07/11/2025,20081100,PEANUT BUTTER LOT NO. 2510582T PEANUT BU TTER - CRUNCHY,RUPAREL FOODS PRIVATE LIMITED,43 INDUSTRIAL PLOT N A,PIN-364290,MAHUVA/GUJ.,nan,nan,nan,PRIME TRADING CO LLC,nan,OMAN,KGS,2080.8,USD,2.08333,4334.99,4276.84,Sohar,MUNDRA SEA,6786815
07/11/2025,20081100,PEANUT BUTTER LOT NO. 2510582T PEANUT BU TTER - CREAMY,RUPAREL FOODS PRIVATE LIMITED,43 INDUSTRIAL PLOT N A,PIN-364290,MAHUVA/GUJ.,nan,nan,nan,PRIME TRADING CO LLC,nan,OMAN,KGS,5508.0,USD,2.04248,11249.98,11099.08,Sohar,MUNDRA SEA,6786815
07/11/2025,20081100,PEANUT BUTTER LOT NO. 2510582T PEANUT BU TTER - CRUNCHY,RUPAREL FOODS PRIVATE LIMITED,43 INDUSTRIAL PLOT N A,PIN-364290,MAHUVA/GUJ.,nan,nan,nan,PRIME TRADING CO LLC,nan,OMAN,KGS,3304.8,USD,2.04248,6749.99,6659.45,Sohar,MUNDRA SEA,6786815
07/11/2025,20081993,Fried Onion Flakes (Coated) 15 CARTON BO X INSIDE 2 ALUMINIUM FOIL BAG OF 10.00 K GS NET OTHER DETAILS AS PER INVOICE & PL,NEW FOOD,S NO 38 3P 2P1 LUSADI ROAD AT BHA DRA TA MAHUVA,PIN-364290,"MAHUVA,GUJARAT",GUJARAT,nan,nan,KONTAKT VN LIMITED,nan,GREECE,KGS,300.0,USD,1.715,514.5,514.5,Thessaloniki,MUNDRA SEA,6786143
07/11/2025,20081993,Fried Onion Flakes 15 CARTON BOX INSIDE 2 ALUMINIUM FOIL BAG OF 10.00 KGS NET OT HER DETAILS AS PER INVOICE & PL,NEW FOOD,S NO 38 3P 2P1 LUSADI ROAD AT BHA DRA TA MAHUVA,PIN-364290,"MAHUVA,GUJARAT",GUJARAT,nan,nan,KONTAKT VN LIMITED,nan,GREECE,KGS,300.0,USD,1.945,583.5,583.5,Thessaloniki,MUNDRA SEA,6786143
07/11/2025,20081100,PEANUT BUTTER LOT NO. 2510582T PEANUT BU TTER - CREAMY,RUPAREL FOODS PRIVATE LIMITED,43 INDUSTRIAL PLOT N A,PIN-364290,MAHUVA/GUJ.,nan,nan,nan,PRIME TRADING CO LLC,nan,OMAN,KGS,7282.8,USD,2.14461,15618.77,15409.27,Sohar,MUNDRA SEA,6786815
07/11/2025,20081100,PEANUT BUTTER LOT NO. 2510582T PEANUT BU TTER - CREAMY,RUPAREL FOODS PRIVATE LIMITED,43 INDUSTRIAL PLOT N A,PIN-364290,MAHUVA/GUJ.,nan,nan,nan,PRIME TRADING CO LLC,nan,OMAN,KGS,4161.6,USD,2.08333,8669.99,8553.69,Sohar,MUNDRA SEA,6786815
06/11/2025,20081100,PEANUT BUTTER LOT NO. 2510572T PEANUT BU TTER - EXTRA CRUNCHY,RUPAREL FOODS PRIVATE LIMITED,43 INDUSTRIAL PLOT N A,PIN-364290,MAHUVA/GUJ.,nan,nan,nan,NATURAL SUGARS (NEW ZEALAND) LIMITE,nan,NEW ZEALAND,KGS,2592.0,USD,1.825,4730.4,4730.4,Auckland,MUNDRA SEA,6743248
06/11/2025,20081100,PEANUT BUTTER LOT NO. 2510572T PEANUT BU TTER - CRUNCHY,RUPAREL FOODS PRIVATE LIMITED,43 INDUSTRIAL PLOT N A,PIN-364290,MAHUVA/GUJ.,nan,nan,nan,NATURAL SUGARS (NEW ZEALAND) LIMITE,nan,NEW ZEALAND,KGS,5910.0,USD,1.825,10785.75,10785.75,Auckland,MUNDRA SEA,6743248
06/11/2025,20081100,PEANUT BUTTER LOT NO. 2510572T PEANUT BU TTER - SMOOTH,RUPAREL FOODS PRIVATE LIMITED,43 INDUSTRIAL PLOT N A,PIN-364290,MAHUVA/GUJ.,nan,nan,nan,NATURAL SUGARS (NEW ZEALAND) LIMITE,nan,NEW ZEALAND,KGS,9798.0,USD,1.825,17881.35,17881.35,Auckland,MUNDRA SEA,6743248
05/11/2025,20081100,PEANUT BUTTER LOT NO. 2510586T PEANUT BU TTER - CRUNCHY,RUPAREL FOODS PRIVATE LIMITED,43 INDUSTRIAL PLOT N A,PIN-364290,MAHUVA/GUJ.,nan,nan,nan,HEDEF TUKETIM URUNLERI,nan,MOROCCO,KGS,5222.4,USD,2.52941,13209.59,13209.59,Casablanca,MUNDRA SEA,6704789
05/11/2025,20081100,PEANUT BUTTER LOT NO. 2510586T PEANUT BU TTER - CREAMY,RUPAREL FOODS PRIVATE LIMITED,43 INDUSTRIAL PLOT N A,PIN-364290,MAHUVA/GUJ.,nan,nan,nan,HEDEF TUKETIM URUNLERI,nan,MOROCCO,KGS,10444.8,USD,2.52941,26419.18,26419.18,Casablanca,MUNDRA SEA,6704789
05/11/2025,20081100,PEANUT BUTTER LOT NO. 2510574T PEANUT BU TTER - SMOOTH,RUPAREL FOODS PRIVATE LIMITED,43 INDUSTRIAL PLOT N A,PIN-364290,MAHUVA/GUJ.,nan,nan,nan,NATURAL SUGARS (NEW ZEALAND) LIMITE,nan,NEW ZEALAND,KGS,7335.0,USD,1.95556,14344.03,14344.03,Auckland,MUNDRA SEA,6702954
05/11/2025,20081100,PEANUT BUTTER LOT NO. 2510574T PEANUT BU TTER - SMOOTH NAS,RUPAREL FOODS PRIVATE LIMITED,43 INDUSTRIAL PLOT N A,PIN-364290,MAHUVA/GUJ.,nan,nan,nan,NATURAL SUGARS (NEW ZEALAND) LIMITE,nan,NEW ZEALAND,KGS,2772.0,USD,1.95556,5420.81,5420.81,Auckland,MUNDRA SEA,6702954
05/11/2025,20081100,PEANUT BUTTER LOT NO. 2510574T PEANUT BU TTER - CRUNCHY NAS,RUPAREL FOODS PRIVATE LIMITED,43 INDUSTRIAL PLOT N A,PIN-364290,MAHUVA/GUJ.,nan,nan,nan,NATURAL SUGARS (NEW ZEALAND) LIMITE,nan,NEW ZEALAND,KGS,2772.0,USD,1.95556,5420.81,5420.81,Auckland,MUNDRA SEA,6702954
05/11/2025,20081100,PEANUT BUTTER LOT NO. 2510574T PEANUT BU TTER - EXTRA CRUNCHY,RUPAREL FOODS PRIVATE LIMITED,43 INDUSTRIAL PLOT N A,PIN-364290,MAHUVA/GUJ.,nan,nan,nan,NATURAL SUGARS (NEW ZEALAND) LIMITE,nan,NEW ZEALAND,KGS,1386.0,USD,1.95556,2710.41,2710.41,Auckland,MUNDRA SEA,6702954
05/11/2025,20081100,PEANUT BUTTER LOT NO. 2510574T PEANUT BU TTER - CRUNCHY,RUPAREL FOODS PRIVATE LIMITED,43 INDUSTRIAL PLOT N A,PIN-364290,MAHUVA/GUJ.,nan,nan,nan,NATURAL SUGARS (NEW ZEALAND) LIMITE,nan,NEW ZEALAND,KGS,2772.0,USD,1.95556,5420.81,5420.81,Auckland,MUNDRA SEA,6702954
05/11/2025,20081100,PEANUT BUTTER O/D AS PER INV PL,R M FOODS,SURVEY NO 171 PAIKEE 1 HARIPAR ROAD VILLEGE TAVEDA,PIN-364290,MAHUVA/GUJARAT,nan,nan,nan,SAME AS CONSIGNEE,nan,SOUTH AFRICA,KGS,25410.0,USD,1.69166,42985.08,41560.08,Durban,MUNDRA SEA,6719165
05/11/2025,20081100,PEANUT BUTTER O/D AS PER INV PL,R M FOODS,SURVEY NO 171 PAIKEE 1 HARIPAR ROAD VILLEGE TAVEDA,PIN-364290,MAHUVA/GUJARAT,nan,nan,nan,SAME AS CONSIGNEE,nan,SOUTH AFRICA,KGS,25410.0,USD,1.69167,42985.33,41560.33,Durban,MUNDRA SEA,6719165
05/11/2025,20081100,PEANUT BUTTER - 400G,SUPER NUTRI FOODS,1 RAJ COMPLEX BELOW HOTEL GURUKRUPA BHD OLD S T STAND,PIN-364290,"MAHUVA, DIST.BHAVNAGAR/GUJARAT",nan,nan,nan,ZENKO KENYA LIMITED,nan,KENYA,KGS,9600.0,USD,2.00312,19229.95,18475.16,Mombasa,MUNDRA SEA,6704802
05/11/2025,20081100,PEANUT BUTTER - 250G,SUPER NUTRI FOODS,1 RAJ COMPLEX BELOW HOTEL GURUKRUPA BHD OLD S T STAND,PIN-364290,"MAHUVA, DIST.BHAVNAGAR/GUJARAT",nan,nan,nan,ZENKO KENYA LIMITED,nan,KENYA,KGS,6000.0,USD,2.22167,13330.02,12806.81,Mombasa,MUNDRA SEA,6704802
04/11/2025,20081100,PEANUT BUTTER LOT NO. 2510572T PEANUT BU TTER - SMOOTH,RUPAREL FOODS PRIVATE LIMITED,43 INDUSTRIAL PLOT N A,PIN-364290,MAHUVA/GUJ.,nan,nan,nan,NATURAL SUGARS (NEW ZEALAND) LIMITE,nan,NEW ZEALAND,KGS,9798.0,USD,1.825,17881.35,17881.35,Auckland,MUNDRA SEA,6685496
04/11/2025,20081100,PEANUT BUTTER LOT NO. 2510572T PEANUT BU TTER - CRUNCHY,RUPAREL FOODS PRIVATE LIMITED,43 INDUSTRIAL PLOT N A,PIN-364290,MAHUVA/GUJ.,nan,nan,nan,NATURAL SUGARS (NEW ZEALAND) LIMITE,nan,NEW ZEALAND,KGS,5910.0,USD,1.825,10785.75,10785.75,Auckland,MUNDRA SEA,6685496
04/11/2025,20081100,PEANUT BUTTER LOT NO. 2510572T PEANUT BU TTER - EXTRA CRUNCHY,RUPAREL FOODS PRIVATE LIMITED,43 INDUSTRIAL PLOT N A,PIN-364290,MAHUVA/GUJ.,nan,nan,nan,NATURAL SUGARS (NEW ZEALAND) LIMITE,nan,NEW ZEALAND,KGS,2592.0,USD,1.825,4730.4,4730.4,Auckland,MUNDRA SEA,6685496
04/11/2025,20081100,"SPLIT BLANCHED PEANUT 50/60 LOT NO. SNB2 526229 , 25 KGVACUUM BAGS",SHREEJI NUT BUTTER,SURVEY NO 143 MAHUVA SAVARKUNDLA R OAD TAVEDA,PIN-364290,"MAHUVA,GUJARAT",nan,nan,nan,A.S.R.O.,nan,GERMANY,MTS,25.0,USD,1460.0,36500.0,36500.0,Hamburg,MUNDRA SEA,6690883
04/11/2025,20081100,PEANUT BUTTER (510G),SUPER NUTRI FOODS,1 RAJ COMPLEX BELOW HOTEL GURUKRUPA BHD OLD S T STAND,PIN-364290,"MAHUVA, DIST.BHAVNAGAR/GUJARAT",nan,nan,nan,ROBERTO FOOD IMPORTS LIMITED,nan,ISRAEL,KGS,11934.0,USD,2.20588,26324.97,26324.97,Ashdod,MUNDRA SEA,6690173
04/11/2025,20081100,PEANUT BUTTER LOT NO. 2510577T PEANUT BU TTER - SMOOTH,RUPAREL FOODS PRIVATE LIMITED,43 INDUSTRIAL PLOT N A,PIN-364290,MAHUVA/GUJ.,nan,nan,nan,NATURAL SUGARS (NEW ZEALAND) LIMITE,nan,NEW ZEALAND,KGS,9300.0,USD,1.825,16972.5,16972.5,Auckland,MUNDRA SEA,6690178
04/11/2025,20081100,PEANUT BUTTER LOT NO. 2510577T PEANUT BU TTER - CRUNCHY,RUPAREL FOODS PRIVATE LIMITED,43 INDUSTRIAL PLOT N A,PIN-364290,MAHUVA/GUJ.,nan,nan,nan,NATURAL SUGARS (NEW ZEALAND) LIMITE,nan,NEW ZEALAND,KGS,9000.0,USD,1.825,16425.0,16425.0,Auckland,MUNDRA SEA,6690178
04/11/2025,20081100,PEANUT BUTTER LOT NO. 2510573T PEANUT BU TTER - SMOOTH,RUPAREL FOODS PRIVATE LIMITED,43 INDUSTRIAL PLOT N A,PIN-364290,MAHUVA/GUJ.,nan,nan,nan,NATURAL SUGARS (NEW ZEALAND) LIMITE,nan,NEW ZEALAND,KGS,5341.5,USD,1.95556,10445.62,10445.62,Lyttelton,MUNDRA SEA,6690176
04/11/2025,20081100,PEANUT BUTTER LOT NO. 2510573T PEANUT BU TTER - SMOOTH NAS,RUPAREL FOODS PRIVATE LIMITED,43 INDUSTRIAL PLOT N A,PIN-364290,MAHUVA/GUJ.,nan,nan,nan,NATURAL SUGARS (NEW ZEALAND) LIMITE,nan,NEW ZEALAND,KGS,3150.0,USD,1.95556,6160.01,6160.01,Lyttelton,MUNDRA SEA,6690176
04/11/2025,20081100,PEANUT BUTTER LOT NO. 2510573T PEANUT BU TTER - CRUNCHY NAS,RUPAREL FOODS PRIVATE LIMITED,43 INDUSTRIAL PLOT N A,PIN-364290,MAHUVA/GUJ.,nan,nan,nan,NATURAL SUGARS (NEW ZEALAND) LIMITE,nan,NEW ZEALAND,KGS,2025.0,USD,1.95556,3960.01,3960.01,Lyttelton,MUNDRA SEA,6690176
04/11/2025,20081100,PEANUT BUTTER LOT NO. 2510573T PEANUT BU TTER - EXTRA CRUNCHY,RUPAREL FOODS PRIVATE LIMITED,43 INDUSTRIAL PLOT N A,PIN-364290,MAHUVA/GUJ.,nan,nan,nan,NATURAL SUGARS (NEW ZEALAND) LIMITE,nan,NEW ZEALAND,KGS,2250.0,USD,1.95556,4400.01,4400.01,Lyttelton,MUNDRA SEA,6690176
04/11/2025,20081100,PEANUT BUTTER LOT NO. 2510573T PEANUT BU TTER - CRUNCHY,RUPAREL FOODS PRIVATE LIMITED,43 INDUSTRIAL PLOT N A,PIN-364290,MAHUVA/GUJ.,nan,nan,nan,NATURAL SUGARS (NEW ZEALAND) LIMITE,nan,NEW ZEALAND,KGS,4500.0,USD,1.95556,8800.02,8800.02,Lyttelton,MUNDRA SEA,6690176
04/11/2025,20081100,PEANUT BUTTER LOT NO. 2510575T PEANUT BU TTER - SMOOTH,RUPAREL FOODS PRIVATE LIMITED,43 INDUSTRIAL PLOT N A,PIN-364290,MAHUVA/GUJ.,nan,nan,nan,NATURAL SUGARS (NEW ZEALAND) LIMITE,nan,NEW ZEALAND,KGS,9720.0,USD,1.825,17739.0,17739.0,Auckland,MUNDRA SEA,6686816
04/11/2025,20081100,PEANUT BUTTER LOT NO. 2510575T PEANUT BU TTER - CRUNCHY,RUPAREL FOODS PRIVATE LIMITED,43 INDUSTRIAL PLOT N A,PIN-364290,MAHUVA/GUJ.,nan,nan,nan,NATURAL SUGARS (NEW ZEALAND) LIMITE,nan,NEW ZEALAND,KGS,6480.0,USD,1.825,11826.0,11826.0,Auckland,MUNDRA SEA,6686816
04/11/2025,20081100,PEANUT BUTTER LOT NO. 2510575T PEANUT BU TTER - EXTRA CRUNCHY,RUPAREL FOODS PRIVATE LIMITED,43 INDUSTRIAL PLOT N A,PIN-364290,MAHUVA/GUJ.,nan,nan,nan,NATURAL SUGARS (NEW ZEALAND) LIMITE,nan,NEW ZEALAND,KGS,1944.0,USD,1.825,3547.8,3547.8,Auckland,MUNDRA SEA,6686816
04/11/2025,20081100,PEANUT BUTTER (AS PER INV),MOTHER NUTRI FOODS  LIMITED,SURVEY NO 276 1 OPP PETROL PUMP MAHUVA BHVANAGAR ROAD,364290,MAHUVA,nan,nan,nan,AL AJWAD INTERNATIONAL GENERAL TRAD,nan,SOUTH AFRICA,KGS,3400.0,USD,8.4,28560.0,27360.0,Durban,MUNDRA SEA,6686938
04/11/2025,20081100,PEANUT BUTTER LOT NO. 2510578T PEANUT BU TTER - EXTRA CRUNCHY,RUPAREL FOODS PRIVATE LIMITED,43 INDUSTRIAL PLOT N A,PIN-364290,MAHUVA/GUJ.,nan,nan,nan,NATURAL SUGARS (NEW ZEALAND) LIMITE,nan,NEW ZEALAND,KGS,3033.0,USD,1.95556,5931.21,5931.21,Lyttelton,MUNDRA SEA,6676790
04/11/2025,20081100,PEANUT BUTTER LOT NO. 2510578T PEANUT BU TTER - CRUNCHY,RUPAREL FOODS PRIVATE LIMITED,43 INDUSTRIAL PLOT N A,PIN-364290,MAHUVA/GUJ.,nan,nan,nan,NATURAL SUGARS (NEW ZEALAND) LIMITE,nan,NEW ZEALAND,KGS,3307.5,USD,1.95556,6468.01,6468.01,Lyttelton,MUNDRA SEA,6676790
04/11/2025,20081100,PEANUT BUTTER LOT NO. 2510578T PEANUT BU TTER - CRUNCHY NAS,RUPAREL FOODS PRIVATE LIMITED,43 INDUSTRIAL PLOT N A,PIN-364290,MAHUVA/GUJ.,nan,nan,nan,NATURAL SUGARS (NEW ZEALAND) LIMITE,nan,NEW ZEALAND,KGS,2700.0,USD,1.95556,5280.01,5280.01,Lyttelton,MUNDRA SEA,6676790
04/11/2025,20081100,PEANUT BUTTER LOT NO. 2510578T PEANUT BU TTER - SMOOTH,RUPAREL FOODS PRIVATE LIMITED,43 INDUSTRIAL PLOT N A,PIN-364290,MAHUVA/GUJ.,nan,nan,nan,NATURAL SUGARS (NEW ZEALAND) LIMITE,nan,NEW ZEALAND,KGS,3375.0,USD,1.95556,6600.02,6600.02,Lyttelton,MUNDRA SEA,6676790
04/11/2025,20081100,PEANUT BUTTER LOT NO. 2510578T PEANUT BU TTER - SMOOTH NAS,RUPAREL FOODS PRIVATE LIMITED,43 INDUSTRIAL PLOT N A,PIN-364290,MAHUVA/GUJ.,nan,nan,nan,NATURAL SUGARS (NEW ZEALAND) LIMITE,nan,NEW ZEALAND,KGS,4500.0,USD,1.95556,8800.02,8800.02,Lyttelton,MUNDRA SEA,6676790
04/11/2025,20081100,PEANUT BUTTER LOT NO. 2510579T PEANUT BU TTER - EXTRA CRUNCHY,RUPAREL FOODS PRIVATE LIMITED,43 INDUSTRIAL PLOT N A,PIN-364290,MAHUVA/GUJ.,nan,nan,nan,NATURAL SUGARS (NEW ZEALAND) LIMITE,nan,NEW ZEALAND,KGS,4200.0,USD,1.825,7665.0,7665.0,Lyttelton,MUNDRA SEA,6677789
04/11/2025,20081100,PEANUT BUTTER LOT NO. 2510579T PEANUT BU TTER - SMOOTH,RUPAREL FOODS PRIVATE LIMITED,43 INDUSTRIAL PLOT N A,PIN-364290,MAHUVA/GUJ.,nan,nan,nan,NATURAL SUGARS (NEW ZEALAND) LIMITE,nan,NEW ZEALAND,KGS,8100.0,USD,1.825,14782.5,14782.5,Lyttelton,MUNDRA SEA,6677789
04/11/2025,20081100,PEANUT BUTTER LOT NO. 2510579T PEANUT BU TTER - CRUNCHY,RUPAREL FOODS PRIVATE LIMITED,43 INDUSTRIAL PLOT N A,PIN-364290,MAHUVA/GUJ.,nan,nan,nan,NATURAL SUGARS (NEW ZEALAND) LIMITE,nan,NEW ZEALAND,KGS,6000.0,USD,1.825,10950.0,10950.0,Lyttelton,MUNDRA SEA,6677789
04/11/2025,20081100,PEANUT BUTTER - 800G,SUPER NUTRI FOODS,1 RAJ COMPLEX BELOW HOTEL GURUKRUPA BHD OLD S T STAND,PIN-364290,"MAHUVA, DIST.BHAVNAGAR/GUJARAT",nan,nan,nan,ZENKO KENYA LIMITED,nan,KENYA,KGS,17760.0,USD,2.05011,36409.95,35131.95,Mombasa,MUNDRA SEA,6692687
04/11/2025,20081100,PEANUT BUTTER (510G),SUPER NUTRI FOODS,1 RAJ COMPLEX BELOW HOTEL GURUKRUPA BHD OLD S T STAND,PIN-364290,"MAHUVA, DIST.BHAVNAGAR/GUJARAT",nan,nan,nan,ROBERTO FOOD IMPORTS LIMITED,nan,ISRAEL,KGS,11812.0,USD,2.20581,26055.03,26055.03,Ashdod,MUNDRA SEA,6677772
04/11/2025,20081100,PEANUT BUTTER CREAMY 510GM*12 jar in a B ox  6.120Kg Each Carton Box Net Wt Lot N o. : 251071,SHREEJI NUT BUTTER,SURVEY NO 143 MAHUVA SAVARKUNDLA R OAD TAVEDA,PIN-364290,"MAHUVA,GUJARAT",nan,nan,nan,M AL D TRADING CO,nan,SAUDI ARABIA,NOS,1400.0,USD,11.38,15932.0,15746.9,Dammam,MUNDRA SEA,6694649
04/11/2025,20081100,PEANUT BUTTER CREAMY 1KG*12 jar in a Box 12.000Kg Each Carton Box Net Wt  Lot No . : 251070,SHREEJI NUT BUTTER,SURVEY NO 143 MAHUVA SAVARKUNDLA R OAD TAVEDA,PIN-364290,"MAHUVA,GUJARAT",nan,nan,nan,M AL D TRADING CO,nan,SAUDI ARABIA,NOS,665.0,USD,21.48,14284.2,14118.25,Dammam,MUNDRA SEA,6694649
03/11/2025,20081100,PEANUT BUTTER 510G,SUPER NUTRI FOODS,1 RAJ COMPLEX BELOW HOTEL GURUKRUPA BHD OLD S T STAND,PIN-364290,"MAHUVA, DIST.BHAVNAGAR/GUJARAT",nan,nan,nan,HAMED A.KH. AL GHAMDI PARTNERSHIP C,nan,SAUDI ARABIA,KGS,18360.0,USD,1.74673,32069.96,31710.96,Dammam,MUNDRA SEA,6662010
03/11/2025,20081100,PEANUT BUTTER O/D AS PER INV PL,R M FOODS,SURVEY NO 171 PAIKEE 1 HARIPAR ROAD VILLEGE TAVEDA,PIN-364290,MAHUVA/GUJARAT,nan,nan,nan,SAME AS CONSIGNEE,nan,UNITED ARAB EMIRATES,KGS,12240.0,USD,1.47059,18000.02,17635.02,Sharjah,MUNDRA SEA,6648014
03/11/2025,20081100,PEANUT BUTTER O/D AS PER INV PL,R M FOODS,SURVEY NO 171 PAIKEE 1 HARIPAR ROAD VILLEGE TAVEDA,PIN-364290,MAHUVA/GUJARAT,nan,nan,nan,SAME AS CONSIGNEE,nan,UNITED ARAB EMIRATES,KGS,4896.0,USD,1.47059,7200.01,7054.01,Sharjah,MUNDRA SEA,6648014
03/11/2025,20081100,PEANUT BUTTER (510G),SUPER NUTRI FOODS,1 RAJ COMPLEX BELOW HOTEL GURUKRUPA BHD OLD S T STAND,PIN-364290,"MAHUVA, DIST.BHAVNAGAR/GUJARAT",nan,nan,nan,SAFCO INTERNATIONAL GENERAL TRADING,"P.O. Box No. 112690, Dubai Investments Park - II, Opp. Gulf News Press Building, Dubai - UAE",UNITED ARAB EMIRATES,KGS,15300.0,USD,1.77322,27130.27,26967.35,Jebel Ali,MUNDRA SEA,6656360
03/11/2025,20081100,PEANUT BUTTER (340G),SUPER NUTRI FOODS,1 RAJ COMPLEX BELOW HOTEL GURUKRUPA BHD OLD S T STAND,PIN-364290,"MAHUVA, DIST.BHAVNAGAR/GUJARAT",nan,nan,nan,SAFCO INTERNATIONAL GENERAL TRADING,"P.O. Box No. 112690, Dubai Investments Park - II, Opp. Gulf News Press Building, Dubai - UAE",UNITED ARAB EMIRATES,KGS,9384.0,USD,1.90002,17829.79,17722.71,Jebel Ali,MUNDRA SEA,6656360
02/11/2025,20081100,PEANUT BUTTER O/D AS PER INV PL,R M FOODS,SURVEY NO 171 PAIKEE 1 HARIPAR ROAD VILLEGE TAVEDA,PIN-364290,MAHUVA/GUJARAT,nan,nan,nan,SAME AS CONSIGNEE,nan,SOMAALIA,KGS,4977.6,USD,1.83824,9150.02,8858.37,Mogadishu,MUNDRA SEA,6634433
02/11/2025,20081100,PEANUT BUTTER O/D AS PER INV PL,R M FOODS,SURVEY NO 171 PAIKEE 1 HARIPAR ROAD VILLEGE TAVEDA,PIN-364290,MAHUVA/GUJARAT,nan,nan,nan,SAME AS CONSIGNEE,nan,UNITED ARAB EMIRATES,KGS,12240.0,USD,1.43382,17549.96,17474.48,Jebel Ali,MUNDRA SEA,6634432
02/11/2025,20081100,PEANUT BUTTER O/D AS PER INV PL,R M FOODS,SURVEY NO 171 PAIKEE 1 HARIPAR ROAD VILLEGE TAVEDA,PIN-364290,MAHUVA/GUJARAT,nan,nan,nan,SAME AS CONSIGNEE,nan,UNITED ARAB EMIRATES,KGS,3672.0,USD,1.55229,5700.01,5675.49,Jebel Ali,MUNDRA SEA,6634432
02/11/2025,20081100,PEANUT BUTTER O/D AS PER INV PL,R M FOODS,SURVEY NO 171 PAIKEE 1 HARIPAR ROAD VILLEGE TAVEDA,PIN-364290,MAHUVA/GUJARAT,nan,nan,nan,SAME AS CONSIGNEE,nan,SOMAALIA,KGS,20196.0,USD,1.83824,37125.1,35941.75,Mogadishu,MUNDRA SEA,6634433
01/11/2025,20081100,PEANUT BUTTER CARTONS LOT NO: 2510B- Oth er details as per invoice and packaging list,SAAZ FOODS,52 HAKIMI VILLA SAIFEE SOCIETY TAMBOLI NAL NEAR MALI NI VADI,PIN-364290,"MAHUVA, DIST.BHAVNAGAR/GUJARAT",DIST.BHAVNAGAR/GUJARAT,nan,nan,TGFCA,nan,IRAQ,KGS,16932.0,USD,2.325,39366.9,38916.9,Umm Qasr,MUNDRA SEA,6623949
27/11/2025,21033000,MUSTARD POWDER (O/D AS PER INV).,NDV FOODS,160 3 Nana Jadra Saver Kundla Road,364290,Mahuva,nan,nan,nan,TO ORDER,nan,LITHUANIA,KGS,1500.0,USD,1.5,2250.0,2250.0,Klaipeda,MUNDRA SEA,7379337
28/11/2025,25162000,SAND STONE ONE SIDE NATURAL ONE SIDE CAL IBRATED EDGES HAND CUT CALIBRATED 18 MM RAJ GREEN PAVINGS. O/D AS PER INV,MARUTI EXPORTS,NEAR GANESH TEPLE MAHUVA BHAVNAGAR HIGHWAY VILLAGE TALGAJARDA,PIN-364290,"TAL-MAHUVA, DIST.BHAVNAGAR/GUJ.",DIST.BHAVNAGAR/GUJ.,nan,nan,TO ORDER,nan,UNITED KINGDOM,SQM,518.4,GBP,7.1,3680.64,4802.02,Felixstowe,MUNDRA SEA,7419375
28/11/2025,25162000,SAND STONE COPINGS CALIBRATED 50 MM KAND LA GREY. O/D AS PER INV,MARUTI EXPORTS,NEAR GANESH TEPLE MAHUVA BHAVNAGAR HIGHWAY VILLAGE TALGAJARDA,PIN-364290,"TAL-MAHUVA, DIST.BHAVNAGAR/GUJ.",DIST.BHAVNAGAR/GUJ.,nan,nan,TO ORDER,nan,UNITED KINGDOM,SQM,217.728,GBP,17.5,3810.24,4971.1,Felixstowe,MUNDRA SEA,7419373
28/11/2025,25162000,SAND STONE ONE SIDE NATURAL ONE SIDE CAL IBRATED EDGES HAND CUT CALIBRATED 22 MM RIPPON - PAVINGS. O/D AS PER INV,MARUTI EXPORTS,NEAR GANESH TEPLE MAHUVA BHAVNAGAR HIGHWAY VILLAGE TALGAJARDA,PIN-364290,"TAL-MAHUVA, DIST.BHAVNAGAR/GUJ.",DIST.BHAVNAGAR/GUJ.,nan,nan,TO ORDER,nan,UNITED KINGDOM,SQM,259.2,GBP,7.1,1840.32,2401.01,Felixstowe,MUNDRA SEA,7419372
28/11/2025,25162000,SAND STONE SURFACE NATURAL EDGES MACHINE CUT TUMBLED CALIBRATED TO 30 MM. RAJ GR EEN. O/D AS PER INV,MARUTI EXPORTS,NEAR GANESH TEPLE MAHUVA BHAVNAGAR HIGHWAY VILLAGE TALGAJARDA,PIN-364290,"TAL-MAHUVA, DIST.BHAVNAGAR/GUJ.",DIST.BHAVNAGAR/GUJ.,nan,nan,TO ORDER,nan,UNITED KINGDOM,SQM,181.956,GBP,14.0,2547.38,3323.49,Felixstowe,MUNDRA SEA,7419372
28/11/2025,25162000,SAND STONE ONE SIDE NATURAL ONE SIDE CAL IBRATED EDGES HAND CUT CALIBRATED 22 MM KANDLA GREY - PAVINGS. O/D AS PER INV,MARUTI EXPORTS,NEAR GANESH TEPLE MAHUVA BHAVNAGAR HIGHWAY VILLAGE TALGAJARDA,PIN-364290,"TAL-MAHUVA, DIST.BHAVNAGAR/GUJ.",DIST.BHAVNAGAR/GUJ.,nan,nan,TO ORDER,nan,UNITED KINGDOM,SQM,518.4,GBP,8.25,4276.8,5579.81,Felixstowe,MUNDRA SEA,7419377
28/11/2025,25162000,SAND STONE ONE SIDE NATURAL ONE SIDE CAL IBRATED EDGES HAND CUT CALIBRATED 22 MM RIPPON - PAVINGS. O/D AS PER INV,MARUTI EXPORTS,NEAR GANESH TEPLE MAHUVA BHAVNAGAR HIGHWAY VILLAGE TALGAJARDA,PIN-364290,"TAL-MAHUVA, DIST.BHAVNAGAR/GUJ.",DIST.BHAVNAGAR/GUJ.,nan,nan,TO ORDER,nan,UNITED KINGDOM,SQM,518.4,GBP,7.1,3680.64,4802.02,Felixstowe,MUNDRA SEA,7419374
28/11/2025,25162000,SAND STONE ONE SIDE NATURAL ONE SIDE CAL IBRATED EDGES HAND CUT CALIBRATED 18 MM ASH BLACK ROOFING. O/D AS PER INV,MARUTI EXPORTS,NEAR GANESH TEPLE MAHUVA BHAVNAGAR HIGHWAY VILLAGE TALGAJARDA,PIN-364290,"TAL-MAHUVA, DIST.BHAVNAGAR/GUJ.",DIST.BHAVNAGAR/GUJ.,nan,nan,TO ORDER,nan,UNITED KINGDOM,SQM,620.352,GBP,7.75,4807.73,6272.49,Felixstowe,MUNDRA SEA,7397265
26/11/2025,25162000,SAND STONE ONE SIDE NATURAL ONE SIDE CAL IBRATED EDGES HAND CUT CALIBRATED 22 MM RAJ GREEN ROOFING. O/D AS PER INV,MARUTI EXPORTS,NEAR GANESH TEPLE MAHUVA BHAVNAGAR HIGHWAY VILLAGE TALGAJARDA,PIN-364290,"TAL-MAHUVA, DIST.BHAVNAGAR/GUJ.",DIST.BHAVNAGAR/GUJ.,nan,nan,TO ORDER,nan,UNITED KINGDOM,SQM,514.998,GBP,8.0,4119.98,5375.22,Felixstowe,MUNDRA SEA,7332389
24/11/2025,25161200,GRANITE CUT TO SIZE (COBBLE) BLACK FLAMM ED. O/D AS PER INV,MARUTI EXPORTS,NEAR GANESH TEPLE MAHUVA BHAVNAGAR HIGHWAY VILLAGE TALGAJARDA,PIN-364290,"TAL-MAHUVA, DIST.BHAVNAGAR/GUJ.",DIST.BHAVNAGAR/GUJ.,nan,nan,R.F.LANDSCAPE PRODUCTS (2020) LIMITED,nan,UNITED KINGDOM,SQM,318.24,GBP,25.0,7956.0,10370.61,Felixstowe,MUNDRA SEA,7245134
24/11/2025,25162000,SAND STONE EDGINGS CALIBRATED 50 MM. RAJ GREEN. O/D AS PER INV,MARUTI EXPORTS,NEAR GANESH TEPLE MAHUVA BHAVNAGAR HIGHWAY VILLAGE TALGAJARDA,PIN-364290,"TAL-MAHUVA, DIST.BHAVNAGAR/GUJ.",DIST.BHAVNAGAR/GUJ.,nan,nan,R.F.LANDSCAPE PRODUCTS (2020) LIMITED,nan,UNITED KINGDOM,SQM,80.0,GBP,17.5,1400.0,1824.89,LONDON GATWAY PORT,MUNDRA SEA,7265532
24/11/2025,25162000,SAND STONE NATURAL SURFACE STRAIGHT HAND CUT CALIBRATED 50 MM. RIPPON. O/D AS PE R INV,MARUTI EXPORTS,NEAR GANESH TEPLE MAHUVA BHAVNAGAR HIGHWAY VILLAGE TALGAJARDA,PIN-364290,"TAL-MAHUVA, DIST.BHAVNAGAR/GUJ.",DIST.BHAVNAGAR/GUJ.,nan,nan,R.F.LANDSCAPE PRODUCTS (2020) LIMITED,nan,UNITED KINGDOM,SQM,20.274,GBP,17.5,354.8,462.48,LONDON GATWAY PORT,MUNDRA SEA,7265532
24/11/2025,25162000,SAND STONE SURFACE NATURAL EDGES MACHINE CUT TUMBLED CALIBRATED TO 30 MM. RAJ GR EEN. O/D AS PER INV,MARUTI EXPORTS,NEAR GANESH TEPLE MAHUVA BHAVNAGAR HIGHWAY VILLAGE TALGAJARDA,PIN-364290,"TAL-MAHUVA, DIST.BHAVNAGAR/GUJ.",DIST.BHAVNAGAR/GUJ.,nan,nan,R.F.LANDSCAPE PRODUCTS (2020) LIMITED,nan,UNITED KINGDOM,SQM,181.956,GBP,14.0,2547.38,3320.5,LONDON GATWAY PORT,MUNDRA SEA,7265532
24/11/2025,25162000,SAND STONE ONE SIDE NATURAL ONE SIDE CAL IBRATED EDGES HAND CUT CALIBRATED 22 MM RIPPON - PROJECT PACK. O/D AS PER INV,MARUTI EXPORTS,NEAR GANESH TEPLE MAHUVA BHAVNAGAR HIGHWAY VILLAGE TALGAJARDA,PIN-364290,"TAL-MAHUVA, DIST.BHAVNAGAR/GUJ.",DIST.BHAVNAGAR/GUJ.,nan,nan,R.F.LANDSCAPE PRODUCTS (2020) LIMITED,nan,UNITED KINGDOM,SQM,509.404,GBP,7.1,3616.77,4714.44,LONDON GATWAY PORT,MUNDRA SEA,7265587
24/11/2025,25162000,SAND STONE ONE SIDE NATURAL ONE SIDE CAL IBRATED EDGES HAND CUT CALIBRATED 22 MM AUTUMN BROWN - PAVINGS. O/D AS PER INV,MARUTI EXPORTS,NEAR GANESH TEPLE MAHUVA BHAVNAGAR HIGHWAY VILLAGE TALGAJARDA,PIN-364290,"TAL-MAHUVA, DIST.BHAVNAGAR/GUJ.",DIST.BHAVNAGAR/GUJ.,nan,nan,R.F.LANDSCAPE PRODUCTS (2020) LIMITED,nan,UNITED KINGDOM,SQM,518.4,GBP,6.6,3421.44,4459.83,LONDON GATWAY PORT,MUNDRA SEA,7265618
22/11/2025,25162000,SAND STONE ONE SIDE NATURAL ONE SIDE CAL IBRATED EDGES HAND CUT CALIBRATED 18 MM ASH BALCK ROOFING. O/D AS PER INV,MARUTI EXPORTS,NEAR GANESH TEPLE MAHUVA BHAVNAGAR HIGHWAY VILLAGE TALGAJARDA,PIN-364290,"TAL-MAHUVA, DIST.BHAVNAGAR/GUJ.",DIST.BHAVNAGAR/GUJ.,nan,nan,R.F.LANDSCAPE PRODUCTS (1990) LIMITED,nan,UNITED KINGDOM,SQM,620.352,GBP,7.75,4807.73,6266.85,Felixstowe,MUNDRA SEA,7227483
20/11/2025,25162000,SAND STONE ONE SIDE NATURAL ONE SIDE CAL IBRATED EDGES HAND CUT CALIBRATED 22 MM RAJ GREEN - ROOFING. O/D AS PER INV,MARUTI EXPORTS,NEAR GANESH TEPLE MAHUVA BHAVNAGAR HIGHWAY VILLAGE TALGAJARDA,PIN-364290,"TAL-MAHUVA, DIST.BHAVNAGAR/GUJ.",DIST.BHAVNAGAR/GUJ.,nan,nan,R.F.LANDSCAPE PRODUCTS (1990) LIMITED,nan,UNITED KINGDOM,SQM,518.076,GBP,8.0,4144.61,5372.53,Felixstowe,MUNDRA SEA,7143697
15/11/2025,25162000,SAND STONE ONE SIDE NATURAL ONE SIDE CAL IBRATED EDGES HAND CUT CALIBRATED 22 MM RIPPON - PAVINGS. O/D AS PER INV,MARUTI EXPORTS,NEAR GANESH TEPLE MAHUVA BHAVNAGAR HIGHWAY VILLAGE TALGAJARDA,PIN-364290,"TAL-MAHUVA, DIST.BHAVNAGAR/GUJ.",DIST.BHAVNAGAR/GUJ.,nan,nan,R.F.LANDSCAPE PRODUCTS (2020) LIMITED,nan,UNITED KINGDOM,SQM,518.4,GBP,7.1,3680.64,4771.1,LONDON GATWAY PORT,MUNDRA SEA,7002216
15/11/2025,25162000,SAND STONE ONE SIDE NATURAL ONE SIDE CAL IBRATED EDGES HAND CUT CALIBRATED 22 MM RAJ GREEN - PAVINGS. O/D AS PER INV,MARUTI EXPORTS,NEAR GANESH TEPLE MAHUVA BHAVNAGAR HIGHWAY VILLAGE TALGAJARDA,PIN-364290,"TAL-MAHUVA, DIST.BHAVNAGAR/GUJ.",DIST.BHAVNAGAR/GUJ.,nan,nan,R.F.LANDSCAPE PRODUCTS (2020) LIMITED,nan,UNITED KINGDOM,SQM,518.4,GBP,7.1,3680.64,4771.1,LONDON GATWAY PORT,MUNDRA SEA,7002211
15/11/2025,25162000,SAND STONE ALL SIDE NATURAL COBBLES  RAJ GREEN. O/D AS PER INV,MARUTI EXPORTS,NEAR GANESH TEPLE MAHUVA BHAVNAGAR HIGHWAY VILLAGE TALGAJARDA,PIN-364290,"TAL-MAHUVA, DIST.BHAVNAGAR/GUJ.",DIST.BHAVNAGAR/GUJ.,nan,nan,R.F.LANDSCAPE PRODUCTS (2020) LIMITED,nan,UNITED KINGDOM,SQM,223.96,GBP,11.0,2463.56,3193.43,LONDON GATWAY PORT,MUNDRA SEA,7002252
13/11/2025,25162000,SAND STONE ONE SIDE NATURAL ONE SIDE CAL IBRATED EDGES HAND CUT CALIBRATED 22 MM RAJ GREEN - ROOFING. O/D AS PER INV,MARUTI EXPORTS,NEAR GANESH TEPLE MAHUVA BHAVNAGAR HIGHWAY VILLAGE TALGAJARDA,PIN-364290,"TAL-MAHUVA, DIST.BHAVNAGAR/GUJ.",DIST.BHAVNAGAR/GUJ.,nan,nan,R.F.LANDSCAPE PRODUCTS (1990) LIMITED,nan,UNITED KINGDOM,SQM,518.076,GBP,8.0,4144.61,5372.53,Felixstowe,MUNDRA SEA,6954144
13/11/2025,25162000,SAND STONE ONE SIDE NATURAL ONE SIDE CAL IBRATED EDGES HAND CUT CALIBRATED 22MM RAJ GREEN - PAVINGS. O/D AS PER INV,MARUTI EXPORTS,NEAR GANESH TEPLE MAHUVA BHAVNAGAR HIGHWAY VILLAGE TALGAJARDA,PIN-364290,"TAL-MAHUVA, DIST.BHAVNAGAR/GUJ.",DIST.BHAVNAGAR/GUJ.,nan,nan,R.F.LANDSCAPE PRODUCTS (2020) LIMITED,nan,UNITED KINGDOM,SQM,518.4,GBP,7.1,3680.64,4771.1,LONDON GATWAY PORT,MUNDRA SEA,6954146
13/11/2025,25162000,SAND STONE ONE SIDE NATURAL ONE SIDE CAL IBRATED EDGES HAND CUT CALIBRATED 22MM RIPPON - PAVINGS. O/D AS PER INV,MARUTI EXPORTS,NEAR GANESH TEPLE MAHUVA BHAVNAGAR HIGHWAY VILLAGE TALGAJARDA,PIN-364290,"TAL-MAHUVA, DIST.BHAVNAGAR/GUJ.",DIST.BHAVNAGAR/GUJ.,nan,nan,R.F.LANDSCAPE PRODUCTS (2020) LIMITED,nan,UNITED KINGDOM,SQM,518.4,GBP,6.4,3317.76,4300.7,LONDON GATWAY PORT,MUNDRA SEA,6954137
13/11/2025,25162000,SAND STONE ONE SIDE NATURAL ONE SIDE CAL IBRATED EDGES HAND CUT CALIBRATED 22MM RIPPON - PAVINGS. O/D AS PER INV,MARUTI EXPORTS,NEAR GANESH TEPLE MAHUVA BHAVNAGAR HIGHWAY VILLAGE TALGAJARDA,PIN-364290,"TAL-MAHUVA, DIST.BHAVNAGAR/GUJ.",DIST.BHAVNAGAR/GUJ.,nan,nan,R.F.LANDSCAPE PRODUCTS (2020) LIMITED,nan,UNITED KINGDOM,SQM,518.4,GBP,6.4,3317.76,4300.7,LONDON GATWAY PORT,MUNDRA SEA,6954139
08/11/2025,25162000,SAND STONE ONE SIDE NATURAL ONE SIDE CAL IBRATED EDGES HAND CUT CALIBRATED 18 MM ASH BLACK ROOFING. O/D AS PER INV,MARUTI EXPORTS,NEAR GANESH TEPLE MAHUVA BHAVNAGAR HIGHWAY VILLAGE TALGAJARDA,PIN-364290,"TAL-MAHUVA, DIST.BHAVNAGAR/GUJ.",DIST.BHAVNAGAR/GUJ.,nan,nan,R.F.LANDSCAPE PRODUCTS (1990) LIMITED,nan,UNITED KINGDOM,SQM,620.352,GBP,7.75,4807.73,6232.1,Felixstowe,MUNDRA SEA,6811409
26/11/2025,69072100,"VITRIFIED TILES, THICKNESS 20 MM (AGED K ANDLA GREY)",MARUTI EXPORTS,NEAR GANESH TEPLE MAHUVA BHAVNAGAR HIGHWAY VILLAGE TALGAJARDA,PIN-364290,"TAL-MAHUVA, DIST.BHAVNAGAR/GUJ.",DIST.BHAVNAGAR/GUJ.,nan,nan,TO ORDER,nan,UNITED KINGDOM,SQM,635.04,GBP,7.1,4508.78,5882.47,Southampton,MUNDRA SEA,7322223
26/11/2025,69072100,(SAMPLES ),MARUTI EXPORTS,NEAR GANESH TEPLE MAHUVA BHAVNAGAR HIGHWAY VILLAGE TALGAJARDA,PIN-364290,"TAL-MAHUVA, DIST.BHAVNAGAR/GUJ.",DIST.BHAVNAGAR/GUJ.,nan,nan,TO ORDER,nan,UNITED KINGDOM,SQM,22.68,GBP,1.0,22.68,29.59,Southampton,MUNDRA SEA,7340787
26/11/2025,69072100,"VITRIFIED TILES, THICKNESS 20 MM (AGED K ANDLA GREY HONED)",MARUTI EXPORTS,NEAR GANESH TEPLE MAHUVA BHAVNAGAR HIGHWAY VILLAGE TALGAJARDA,PIN-364290,"TAL-MAHUVA, DIST.BHAVNAGAR/GUJ.",DIST.BHAVNAGAR/GUJ.,nan,nan,TO ORDER,nan,UNITED KINGDOM,SQM,294.84,GBP,7.6,2240.78,2923.47,Southampton,MUNDRA SEA,7340787
26/11/2025,69072100,"VITRIFIED TILES, THICKNESS 20 MM (AGED K ANDLA GREY)",MARUTI EXPORTS,NEAR GANESH TEPLE MAHUVA BHAVNAGAR HIGHWAY VILLAGE TALGAJARDA,PIN-364290,"TAL-MAHUVA, DIST.BHAVNAGAR/GUJ.",DIST.BHAVNAGAR/GUJ.,nan,nan,TO ORDER,nan,UNITED KINGDOM,SQM,340.2,GBP,7.6,2585.52,3373.25,Southampton,MUNDRA SEA,7340787
26/11/2025,69072100,"VITRIFIED TILES, THICKNESS 20 MM (AGED B LACK SANDSTONE)",MARUTI EXPORTS,NEAR GANESH TEPLE MAHUVA BHAVNAGAR HIGHWAY VILLAGE TALGAJARDA,PIN-364290,"TAL-MAHUVA, DIST.BHAVNAGAR/GUJ.",DIST.BHAVNAGAR/GUJ.,nan,nan,TO ORDER,nan,UNITED KINGDOM,SQM,635.04,GBP,7.59999,4826.3,6296.73,Southampton,MUNDRA SEA,7334319
26/11/2025,69072100,"VITRIFIED TILES, THICKNESS 20 MM (AGED A NTHRACITE)",MARUTI EXPORTS,NEAR GANESH TEPLE MAHUVA BHAVNAGAR HIGHWAY VILLAGE TALGAJARDA,PIN-364290,"TAL-MAHUVA, DIST.BHAVNAGAR/GUJ.",DIST.BHAVNAGAR/GUJ.,nan,nan,TO ORDER,nan,UNITED KINGDOM,SQM,635.04,GBP,7.59999,4826.3,6296.73,Southampton,MUNDRA SEA,7334317
26/11/2025,69072100,(SAMPLES ),MARUTI EXPORTS,NEAR GANESH TEPLE MAHUVA BHAVNAGAR HIGHWAY VILLAGE TALGAJARDA,PIN-364290,"TAL-MAHUVA, DIST.BHAVNAGAR/GUJ.",DIST.BHAVNAGAR/GUJ.,nan,nan,TO ORDER,nan,UNITED KINGDOM,SQM,22.68,GBP,1.0,22.68,29.59,Southampton,MUNDRA SEA,7334287
26/11/2025,69072100,"VITRIFIED TILES, THICKNESS 20 MM (AGED K ANDLA GREY HONED)",MARUTI EXPORTS,NEAR GANESH TEPLE MAHUVA BHAVNAGAR HIGHWAY VILLAGE TALGAJARDA,PIN-364290,"TAL-MAHUVA, DIST.BHAVNAGAR/GUJ.",DIST.BHAVNAGAR/GUJ.,nan,nan,TO ORDER,nan,UNITED KINGDOM,SQM,294.84,GBP,7.6,2240.78,2923.47,Southampton,MUNDRA SEA,7334287
26/11/2025,69072100,"VITRIFIED TILES, THICKNESS 20 MM (AGED K ANDLA GREY)",MARUTI EXPORTS,NEAR GANESH TEPLE MAHUVA BHAVNAGAR HIGHWAY VILLAGE TALGAJARDA,PIN-364290,"TAL-MAHUVA, DIST.BHAVNAGAR/GUJ.",DIST.BHAVNAGAR/GUJ.,nan,nan,TO ORDER,nan,UNITED KINGDOM,SQM,317.52,GBP,7.59999,2413.15,3148.36,Southampton,MUNDRA SEA,7334287
25/11/2025,69072100,"VITRIFIED TILES, THICKNESS 20 MM (AGED K ANDLA GREY)",MARUTI EXPORTS,NEAR GANESH TEPLE MAHUVA BHAVNAGAR HIGHWAY VILLAGE TALGAJARDA,PIN-364290,"TAL-MAHUVA, DIST.BHAVNAGAR/GUJ.",DIST.BHAVNAGAR/GUJ.,nan,nan,TO ORDER,nan,UNITED KINGDOM,SQM,635.04,GBP,7.35,4667.54,6089.6,Southampton,MUNDRA SEA,7296540
25/11/2025,69072100,"VITRIFIED TILES, THICKNESS 20 MM (AGED K ANDLA GREY)",MARUTI EXPORTS,NEAR GANESH TEPLE MAHUVA BHAVNAGAR HIGHWAY VILLAGE TALGAJARDA,PIN-364290,"TAL-MAHUVA, DIST.BHAVNAGAR/GUJ.",DIST.BHAVNAGAR/GUJ.,nan,nan,TO ORDER,nan,UNITED KINGDOM,SQM,635.04,GBP,7.1,4508.78,5882.47,Southampton,MUNDRA SEA,7296556
24/11/2025,69072100,"VITRIFIED TILES, THICKNESS 20 MM (AGED K ANDLA GREY)",MARUTI EXPORTS,NEAR GANESH TEPLE MAHUVA BHAVNAGAR HIGHWAY VILLAGE TALGAJARDA,PIN-364290,"TAL-MAHUVA, DIST.BHAVNAGAR/GUJ.",DIST.BHAVNAGAR/GUJ.,nan,nan,R.F.LANDSCAPE PRODUCTS ( 2O2O ) LIMITED,nan,UNITED KINGDOM,SQM,635.04,GBP,7.6,4826.3,6291.07,Southampton,MUNDRA SEA,7269641
24/11/2025,69072100,"VITRIFIED TILES, THICKNESS 20 MM (AGED K ANDLA GREY)",MARUTI EXPORTS,NEAR GANESH TEPLE MAHUVA BHAVNAGAR HIGHWAY VILLAGE TALGAJARDA,PIN-364290,"TAL-MAHUVA, DIST.BHAVNAGAR/GUJ.",DIST.BHAVNAGAR/GUJ.,nan,nan,R.F.LANDSCAPE PRODUCTS ( 2O2O ) LIMITED,nan,UNITED KINGDOM,SQM,635.04,GBP,7.6,4826.3,6291.07,Southampton,MUNDRA SEA,7269633
24/11/2025,69072100,"VITRIFIED TILES, THICKNESS 20 MM (AGED K ANDLA GREY)",MARUTI EXPORTS,NEAR GANESH TEPLE MAHUVA BHAVNAGAR HIGHWAY VILLAGE TALGAJARDA,PIN-364290,"TAL-MAHUVA, DIST.BHAVNAGAR/GUJ.",DIST.BHAVNAGAR/GUJ.,nan,nan,R.F.LANDSCAPE PRODUCTS ( 2O2O ) LIMITED,nan,UNITED KINGDOM,SQM,635.04,GBP,7.6,4826.3,6291.07,Southampton,MUNDRA SEA,7269637
